Project:,Project141,,,,,,,,,,,,,
,,,,,,,,,,,,,,
Test:,2wt%_NorHA_0wt%_AdHA_Xwt%CDHA_1to1_cdtoad_r1,,,,,,,,,,,,,
,,,,,,,,,,,,,,
Result:,Measurement 1,,,,,,,,,,,,,
,,,,,,,,,,,,,,
Interval and data points:,1,1,,,,,,,,,,,,
Interval data:,Point No.,Time,Test Time,Temperature,Storage Modulus,Loss Modulus,Loss Factor,Complex Viscosity,Shear Strain,Shear Stress,Gap,Normal Force,Torque,Status
,,,,,,,,,,,,,,
,,[s],[s],[°C],[Pa],[Pa],[1],[mPa·s],[%],[Pa],[mm],[N],[µN·m],
,1,5,21.3,21.8,,,,,3.74E+04,24.688,1,0,2.4801,Dy_auto
,,,,,,,,,,,,,,
Interval and data points:,2,1,,,,,,,,,,,,
Interval data:,Point No.,Time,Test Time,Temperature,Storage Modulus,Loss Modulus,Loss Factor,Complex Viscosity,Shear Strain,Shear Stress,Gap,Normal Force,Torque,Status
,,,,,,,,,,,,,,
,,[s],[s],[°C],[Pa],[Pa],[1],[mPa·s],[%],[Pa],[mm],[N],[µN·m],
,1,10,26.3,21.8,,,,,5E+04,-0.19834,1,0,-0.019925,Dy_auto
,,,,,,,,,,,,,,
Result:,UV Cure ,,,,,,,,,,,,,
,,,,,,,,,,,,,,
Interval and data points:,1,15,,,,,,,,,,,,
Interval data:,Point No.,Time,Test Time,Temperature,Storage Modulus,Loss Modulus,Loss Factor,Complex Viscosity,Shear Strain,Shear Stress,Gap,Normal Force,Torque,Status
,,,,,,,,,,,,,,
,,[s],[s],[°C],[Pa],[Pa],[1],[mPa·s],[%],[Pa],[mm],[N],[µN·m],
,1,1,38.47,21.8,39180,35194,0.898,8.382E+06,0.787,414.28,1,0,41.616,"MV-,WMa,TruStrain™"
,2,2,39.47,21.8,1549.9,692.56,0.447,2.7019E+05,1,16.978,1,0,1.7055,"MV-,WMa,TruStrain™"
,3,3,40.47,21.8,1622.3,0.081117,5E-05,2.582E+05,1,16.224,1,0,1.6298,"ME-,MV-,WMa,taD,TruStrain™"
,4,4,41.47,21.81,38.68,2.8544,0.0738,6172.8,1,0.38843,1,0,0.03902,"ME-,WMa,TruStrain™"
,5,5,42.47,21.81,29.465,10.947,0.372,5002.7,1,0.31542,1,0,0.031686,"MV-,WMa,TruStrain™"
,6,6,43.47,21.8,35.682,7.693,0.216,5809.4,1,0.36659,1,0,0.036826,"WMa,TruStrain™"
,7,7,44.47,21.8,28.675,5.2141,0.182,4638.7,1,0.29285,1,0,0.029419,"WMa,TruStrain™"
,8,8,45.47,21.81,32.054,4.7974,0.15,5158.3,1,0.32572,1,0,0.03272,"WMa,TruStrain™"
,9,9,46.47,21.81,29.927,4.5055,0.151,4816.8,1.01,0.30417,1,0,0.030556,"WMa,TruStrain™"
,10,10,47.47,21.81,27.25,0.64437,0.0236,4338.2,1.01,0.27395,1,0,0.02752,"WMa,TruStrain™"
,11,11,48.47,21.81,24.404,6.5094,0.267,4019.9,1.01,0.25385,1,0,0.025501,"WMa,TruStrain™"
,12,12,49.47,21.81,25.04,7.9279,0.317,4180.2,1.01,0.26397,1,0,0.026518,"WMa,TruStrain™"
,13,13,50.47,21.81,26.248,8.5155,0.324,4391.8,1.01,0.27734,1,0,0.02786,"WMa,TruStrain™"
,14,14,51.47,21.81,26.675,6.256,0.235,4360.7,1.01,0.27537,1,0,0.027663,"WMa,TruStrain™"
,15,15,52.47,21.81,26.684,4.6353,0.174,4310.4,1.01,0.2722,1,0,0.027344,"WMa,TruStrain™"
,,,,,,,,,,,,,,
Interval and data points:,2,94,,,,,,,,,,,,
Interval data:,Point No.,Time,Test Time,Temperature,Storage Modulus,Loss Modulus,Loss Factor,Complex Viscosity,Shear Strain,Shear Stress,Gap,Normal Force,Torque,Status
,,,,,,,,,,,,,,
,,[s],[s],[°C],[Pa],[Pa],[1],[mPa·s],[%],[Pa],[mm],[N],[µN·m],
,1,15.502,52.98,21.81,25.921,6.7215,0.259,4261.9,1.01,0.26913,1,0,0.027036,"WMa,TruStrain™"
,2,16.019,53.49,21.81,27.805,8.249,0.297,4615.9,1.01,0.29149,1,0,0.029282,"WMa,TruStrain™"
,3,16.552,54.03,21.81,28.893,5.7419,0.199,4688.4,1.01,0.29607,1,0,0.029741,"WMa,TruStrain™"
,4,17.103,54.58,21.81,31.987,6.656,0.208,5199.9,1.01,0.32836,1,0,0.032986,"WMa,TruStrain™"
,5,17.672,55.15,21.81,29.118,3.3938,0.117,4665.7,1.01,0.29463,1,0,0.029597,"WMa,TruStrain™"
,6,18.259,55.73,21.81,26.092,8.5114,0.326,4368,1.01,0.27583,1,0,0.027709,"WMa,TruStrain™"
,7,18.866,56.34,21.81,30.719,17.11,0.557,5596.4,1.01,0.3534,1,0,0.035501,"WMa,TruStrain™"
,8,19.492,56.97,21.81,33.04,25.883,0.783,6680,1.01,0.42183,1,0,0.042375,"WMa,TruStrain™"
,9,20.139,57.61,21.81,44.108,40.411,0.916,9520.8,1.01,0.60123,1,0,0.060396,"WMa,TruStrain™"
,10,20.807,58.28,21.81,53.65,56.018,1.04,12345,1.01,0.77957,1,0,0.078312,"WMa,TruStrain™"
,11,21.497,58.97,21.81,63.159,79.845,1.26,16203,1.01,1.0232,1,0,0.10278,"WMa,TruStrain™"
,12,22.21,59.68,21.81,90.804,96.052,1.06,21037,1.01,1.3284,1,0,0.13345,"WMa,TruStrain™"
,13,22.946,60.42,21.81,107.49,111.77,1.04,24680,1.01,1.5585,1,0,0.15656,"WMa,TruStrain™"
,14,23.706,61.18,21.81,130.98,137.29,1.05,30200,1.01,1.9071,1,0,0.19158,"WMa,TruStrain™"
,15,24.491,61.96,21.81,157.39,156.1,0.992,35281,1.01,2.2279,1,0,0.22381,"WMa,TruStrain™"
,16,25.301,62.77,21.81,196.69,176.94,0.9,42107,1.01,2.6589,1,0,0.26711,"WMa,TruStrain™"
,17,26.139,63.61,21.81,223.79,197.82,0.884,47537,1.01,3.0019,1,0,0.30156,"WMa,TruStrain™"
,18,27.003,64.48,21.81,256.55,214.04,0.834,53175,1.01,3.3579,1,0,0.33732,"WMa,TruStrain™"
,19,27.896,65.37,21.81,294.61,232.04,0.788,59686,1.01,3.7691,1,0,0.37862,"WMa,TruStrain™"
,20,28.818,66.29,21.81,326.09,250.69,0.769,65463,1.01,4.1339,1,0,0.41527,"WMa,TruStrain™"
,21,29.77,67.24,21.81,363.17,269.8,0.743,72006,1.01,4.547,1,0,0.45678,"WMa,TruStrain™"
,22,30.754,68.23,21.81,398.79,284.05,0.712,77924,1.01,4.9207,1,0,0.49432,"WMa,TruStrain™"
,23,31.769,69.24,21.81,440.5,303.5,0.689,85137,1.01,5.3762,1,0,0.54007,"WMa,TruStrain™"
,24,32.818,70.29,21.81,472.2,315.13,0.667,90352,1.01,5.7056,1,0,0.57316,"WMa,TruStrain™"
,25,33.901,71.37,21.81,516.48,330.07,0.639,97552,1.01,6.1602,1,0,0.61883,"WMa,TruStrain™"
,26,35.02,72.49,21.81,548.67,346.24,0.631,1.0326E+05,1.01,6.5206,1,0,0.65503,"WMa,TruStrain™"
,27,36.175,73.65,21.81,587.76,358,0.609,1.0953E+05,1.01,6.9167,1,0,0.69482,"WMa,TruStrain™"
,28,37.369,74.84,21.81,620.7,372.29,0.6,1.1519E+05,1.01,7.2743,1,0,0.73075,"WMa,TruStrain™"
,29,38.601,76.07,21.81,661.11,385.89,0.584,1.2183E+05,1.01,7.6935,1,0,0.77286,"WMa,TruStrain™"
,30,39.873,77.35,21.81,695.03,395.63,0.569,1.2728E+05,1.01,8.0377,1,0,0.80744,"WMa,TruStrain™"
,31,41.188,78.66,21.81,730.59,405,0.554,1.3295E+05,1.01,8.3955,1,0,0.84337,"WMa,TruStrain™"
,32,42.545,80.02,21.81,768.59,420.41,0.547,1.3943E+05,1.01,8.8047,1,0,0.88448,"WMa,TruStrain™"
,33,43.946,81.42,21.81,804.16,429.64,0.534,1.4511E+05,1.01,9.1633,1,0,0.92051,"WMa,TruStrain™"
,34,45.394,82.87,21.81,839,440.09,0.525,1.5079E+05,1.01,9.5219,1,0,0.95653,"WMa,TruStrain™"
,35,46.889,84.36,21.81,872.32,449.14,0.515,1.5616E+05,1.01,9.8609,1,0,0.99058,"WMa,TruStrain™"
,36,48.433,85.91,21.81,909.08,463.32,0.51,1.6239E+05,1.01,10.255,1,0,1.0302,"WMa,TruStrain™"
,37,50.027,87.5,21.81,941.66,469.39,0.498,1.6746E+05,1.01,10.575,1,0,1.0623,"WMa,TruStrain™"
,38,51.674,89.15,21.81,972.99,478.83,0.492,1.7259E+05,1.01,10.899,1,0,1.0949,"WMa,TruStrain™"
,39,53.374,90.85,21.81,1007.4,488.58,0.485,1.782E+05,1.01,11.253,1,0,1.1304,"WMa,TruStrain™"
,40,55.13,92.6,21.81,1038.3,499.06,0.481,1.8335E+05,1.01,11.578,1,0,1.1631,"WMa,TruStrain™"
,41,56.944,94.42,21.82,1066.5,506.93,0.475,1.8794E+05,1.01,11.868,1,0,1.1922,"WMa,TruStrain™"
,42,58.817,96.29,21.81,1093.8,514.75,0.471,1.924E+05,1.01,12.15,1,0,1.2205,"WMa,TruStrain™"
,43,60.751,98.22,21.82,1122.4,522.19,0.465,1.9702E+05,1.01,12.441,1,0,1.2498,"WMa,TruStrain™"
,44,62.749,100.2,21.82,1143.3,526.76,0.461,2.0034E+05,1.01,12.651,1,0,1.2709,"WMa,TruStrain™"
,45,64.812,102.3,21.82,1166,537.1,0.461,2.0432E+05,1.01,12.903,1,0,1.2961,"WMa,TruStrain™"
,46,66.943,104.4,21.82,1181.8,538.57,0.456,2.067E+05,1.01,13.053,1,0,1.3112,"WMa,TruStrain™"
,47,69.143,106.6,21.82,1191.4,542.36,0.455,2.0835E+05,1.01,13.157,1,0,1.3217,"WMa,TruStrain™"
,48,71.415,108.9,21.82,1203.8,547.76,0.455,2.1049E+05,1.01,13.292,1,0,1.3352,"WMa,TruStrain™"
,49,73.762,111.2,21.82,1207.2,547.45,0.454,2.1096E+05,1.01,13.322,1,0,1.3382,"WMa,TruStrain™"
,50,76.186,113.7,21.82,1214.4,549.6,0.453,2.1216E+05,1.01,13.397,1,0,1.3458,"WMa,TruStrain™"
,51,78.689,116.2,21.82,1213.1,550.79,0.454,2.1204E+05,1.01,13.39,1,0,1.3451,"WMa,TruStrain™"
,52,81.273,118.7,21.82,1215.7,549.56,0.452,2.1233E+05,1.01,13.409,1,0,1.347,"WMa,TruStrain™"
,53,83.943,121.4,21.82,1214.9,551.4,0.454,2.1233E+05,1.01,13.409,1,0,1.347,"WMa,TruStrain™"
,54,86.7,124.2,21.82,1214.6,553.39,0.456,2.1243E+05,1.01,13.415,1,0,1.3476,"WMa,TruStrain™"
,55,89.547,127,21.82,1215.3,551.21,0.454,2.1239E+05,1.01,13.412,1,0,1.3473,"WMa,TruStrain™"
,56,92.487,130,21.82,1213.5,550.91,0.454,2.121E+05,1.01,13.394,1,0,1.3455,"WMa,TruStrain™"
,57,95.524,133,21.82,1215.1,551.32,0.454,2.1236E+05,1.01,13.41,1,0,1.3472,"WMa,TruStrain™"
,58,98.66,136.1,21.82,1214.9,555.28,0.457,2.1259E+05,1.01,13.425,1,0,1.3486,"WMa,TruStrain™"
,59,101.899,139.4,21.82,1214.9,555.36,0.457,2.126E+05,1.01,13.425,1,0,1.3486,"WMa,TruStrain™"
,60,105.243,142.7,21.82,1221.8,570.93,0.467,2.1464E+05,1.01,13.557,1,0,1.3618,"WMa,TruStrain™"
,61,108.697,146.2,21.82,1212.8,554.17,0.457,2.1221E+05,1,13.4,1,0,1.3461,"WMa,TruStrain™"
,62,112.265,149.7,21.82,1212.7,557,0.459,2.1239E+05,1.01,13.412,1,0,1.3473,"WMa,TruStrain™"
,63,115.949,153.4,21.82,1217.6,562.42,0.462,2.1346E+05,1.01,13.48,1,0,1.3541,"WMa,TruStrain™"
,64,119.753,157.2,21.82,1209.3,556.84,0.46,2.1189E+05,1.01,13.38,1,0,1.3441,"WMa,TruStrain™"
,65,123.682,161.2,21.83,1215.7,558.97,0.46,2.1296E+05,1.01,13.448,1,-0.01,1.3509,"WMa,TruStrain™"
,66,127.74,165.2,21.83,1212.7,556.09,0.459,2.1233E+05,1.01,13.408,1,0,1.3469,"WMa,TruStrain™"
,67,131.931,169.4,21.83,1208.6,556.51,0.46,2.1177E+05,1.01,13.373,1,-0.01,1.3434,"WMa,TruStrain™"
,68,136.259,173.7,21.83,1208.9,557.1,0.461,2.1186E+05,1.01,13.378,1,-0.01,1.3439,"WMa,TruStrain™"
,69,140.728,178.2,21.83,1206.7,560.09,0.464,2.1173E+05,1.01,13.37,1,-0.01,1.3431,"WMa,TruStrain™"
,70,145.344,182.8,21.83,1211,561.49,0.464,2.1244E+05,1.01,13.415,1,-0.01,1.3477,"WMa,TruStrain™"
,71,150.111,187.6,21.83,1211.1,561.54,0.464,2.1246E+05,1.01,13.416,1,-0.01,1.3477,"WMa,TruStrain™"
,72,155.034,192.5,21.83,1201.8,552.94,0.46,2.1054E+05,1.01,13.295,1,-0.01,1.3356,"WMa,TruStrain™"
,73,160.118,197.6,21.83,1201.5,563.4,0.469,2.112E+05,1.01,13.337,1,-0.01,1.3398,"WMa,TruStrain™"
,74,165.369,202.8,21.83,1201.1,562.8,0.469,2.1111E+05,1.01,13.331,1,-0.01,1.3392,"WMa,TruStrain™"
,75,170.791,208.3,21.83,1204.8,566.03,0.47,2.1186E+05,1.01,13.378,1,-0.01,1.3439,"WMa,TruStrain™"
,76,176.391,213.9,21.84,1205.7,566.16,0.47,2.1199E+05,1.01,13.387,1,-0.01,1.3448,"WMa,TruStrain™"
,77,182.175,219.6,21.84,1205.5,564.29,0.468,2.1184E+05,1.01,13.377,1,-0.01,1.3438,"WMa,TruStrain™"
,78,188.147,225.6,21.84,1201.4,565.83,0.471,2.1135E+05,1.01,13.346,1,-0.01,1.3407,"WMa,TruStrain™"
,79,194.315,231.8,21.84,1205.8,559.9,0.464,2.1158E+05,1.01,13.361,1,-0.01,1.3422,"WMa,TruStrain™"
,80,200.686,238.2,21.84,1200.5,568.04,0.473,2.1137E+05,1.01,13.348,1,-0.01,1.3409,"WMa,TruStrain™"
,81,207.264,244.7,21.84,1208.2,581.42,0.481,2.1339E+05,1.01,13.475,1,-0.01,1.3537,"WMa,TruStrain™"
,82,214.058,251.5,21.84,1200.8,567.72,0.473,2.114E+05,1.01,13.35,1,-0.01,1.3411,"WMa,TruStrain™"
,83,221.075,258.5,21.85,1197.4,570.63,0.477,2.111E+05,1.01,13.331,1,-0.01,1.3392,"WMa,TruStrain™"
,84,228.321,265.8,21.85,1198.8,571.96,0.477,2.114E+05,1.01,13.35,1,-0.01,1.3411,"WMa,TruStrain™"
,85,235.804,273.3,21.85,1194.2,570.36,0.478,2.1063E+05,1.01,13.301,1,-0.01,1.3362,"WMa,TruStrain™"
,86,243.532,281,21.85,1198.3,572.84,0.478,2.1138E+05,1.01,13.349,1,-0.01,1.3409,"WMa,TruStrain™"
,87,251.514,289,21.85,1199.5,571.77,0.477,2.1148E+05,1.01,13.355,1,-0.01,1.3416,"WMa,TruStrain™"
,88,259.756,297.2,21.86,1199.3,589.1,0.491,2.1266E+05,1.01,13.429,1,-0.01,1.349,"WMa,TruStrain™"
,89,268.268,305.7,21.86,1198.9,577.39,0.482,2.1179E+05,1.01,13.374,1,-0.01,1.3435,"WMa,TruStrain™"
,90,277.06,314.5,21.86,1192.3,578.41,0.485,2.1091E+05,1.01,13.319,1,-0.01,1.338,"WMa,TruStrain™"
,91,286.138,323.6,21.86,1188.8,574.59,0.483,2.1014E+05,1.01,13.27,1,-0.01,1.3331,"WMa,TruStrain™"
,92,295.514,333,21.87,1193.6,576.02,0.483,2.1094E+05,1.01,13.32,1,-0.01,1.3381,"WMa,TruStrain™"
,93,305.197,342.7,21.87,1182.2,586.3,0.496,2.1002E+05,1.01,13.262,1,-0.01,1.3323,"WMa,TruStrain™"
,94,315.197,352.7,21.87,1189.8,575.06,0.483,2.1032E+05,1.01,13.281,1,-0.01,1.3342,"WMa,TruStrain™"
,,,,,,,,,,,,,,
Interval and data points:,3,15,,,,,,,,,,,,
Interval data:,Point No.,Time,Test Time,Temperature,Storage Modulus,Loss Modulus,Loss Factor,Complex Viscosity,Shear Strain,Shear Stress,Gap,Normal Force,Torque,Status
,,,,,,,,,,,,,,
,,[s],[s],[°C],[Pa],[Pa],[1],[mPa·s],[%],[Pa],[mm],[N],[µN·m],
,1,316.199,353.7,21.87,1192.8,573.29,0.481,2.1062E+05,1.01,13.301,1,-0.01,1.3361,"WMa,TruStrain™"
,2,317.199,354.7,21.87,1193.9,579.33,0.485,2.112E+05,1.01,13.337,1,-0.01,1.3398,"WMa,TruStrain™"
,3,318.199,355.7,21.87,1197.5,591.66,0.494,2.1258E+05,1.01,13.424,1,-0.01,1.3485,"WMa,TruStrain™"
,4,319.199,356.7,21.88,1193.7,571.04,0.478,2.106E+05,1.01,13.299,1,-0.01,1.336,"WMa,TruStrain™"
,5,320.199,357.7,21.87,1189.3,572.34,0.481,2.1006E+05,1.01,13.265,1,-0.01,1.3325,"WMa,TruStrain™"
,6,321.199,358.7,21.87,1199.5,585.4,0.488,2.1243E+05,1.01,13.414,1,-0.01,1.3475,"WMa,TruStrain™"
,7,322.199,359.7,21.87,1187.4,578.15,0.487,2.1019E+05,1.01,13.273,1,-0.01,1.3334,"WMa,TruStrain™"
,8,323.199,360.7,21.87,1196.3,575.46,0.481,2.1128E+05,1.01,13.342,1,-0.01,1.3403,"WMa,TruStrain™"
,9,324.199,361.7,21.87,1195,574.26,0.481,2.1101E+05,1.01,13.325,1,-0.01,1.3386,"WMa,TruStrain™"
,10,325.199,362.7,21.87,1195.3,577.78,0.483,2.113E+05,1.01,13.343,1,-0.01,1.3404,"WMa,TruStrain™"
,11,326.199,363.7,21.87,1192.5,581,0.487,2.1112E+05,1.01,13.332,1,-0.01,1.3393,"WMa,TruStrain™"
,12,327.199,364.7,21.88,1194.2,578.86,0.485,2.1121E+05,1.01,13.338,1,-0.01,1.3399,"WMa,TruStrain™"
,13,328.199,365.7,21.88,1193.4,578.95,0.485,2.111E+05,1.01,13.331,1,-0.01,1.3391,"WMa,TruStrain™"
,14,329.199,366.7,21.88,1194.9,568.57,0.476,2.1061E+05,1.01,13.299,1,-0.01,1.336,"WMa,TruStrain™"
,15,330.199,367.7,21.88,1196.2,574.82,0.481,2.1122E+05,1.01,13.339,1,-0.01,1.3399,"WMa,TruStrain™"
,,,,,,,,,,,,,,
Result:,Stress Relaxation,,,,,,,,,,,,,
,,,,,,,,,,,,,,
Interval and data points:,1,68,,,,,,,,,,,,
Interval data:,Point No.,Time,Test Time,Temperature,Storage Modulus,Loss Modulus,Loss Factor,Complex Viscosity,Shear Strain,Shear Stress,Gap,Normal Force,Torque,Status
,,,,,,,,,,,,,,
,,[s],[s],[°C],[Pa],[Pa],[1],[mPa·s],[%],[Pa],[mm],[N],[µN·m],
,1,0.5,376.5,21.88,,,,,10,94.529,1,-0.01,9.4959,Dy_auto
,2,1.017,377,21.88,,,,,10,76.31,1,-0.01,7.6657,Dy_auto
,3,1.55,377.6,21.88,,,,,10,66.918,1,-0.01,6.7223,Dy_auto
,4,2.101,378.1,21.88,,,,,10,64.061,1,-0.01,6.4353,Dy_auto
,5,2.67,378.7,21.88,,,,,10,65.079,1,-0.01,6.5375,Dy_auto
,6,3.257,379.3,21.88,,,,,10,61.329,1,-0.01,6.1608,Dy_auto
,7,3.864,379.9,21.88,,,,,10,58.792,1,-0.01,5.906,Dy_auto
,8,4.49,380.5,21.88,,,,,10,57.815,1,-0.01,5.8079,Dy_auto
,9,5.137,381.2,21.88,,,,,10,57.277,1,-0.01,5.7538,Dy_auto
,10,5.805,381.8,21.88,,,,,10,57.329,1,-0.01,5.759,Dy_auto
,11,6.495,382.5,21.88,,,,,10,58.171,1,-0.01,5.8436,Dy_auto
,12,7.208,383.2,21.88,,,,,10,53.568,1,-0.01,5.3812,Dy_auto
,13,7.944,384,21.88,,,,,10,53.53,1,-0.01,5.3774,Dy_auto
,14,8.704,384.7,21.88,,,,,10,53.233,1,-0.01,5.3475,Dy_auto
,15,9.489,385.5,21.88,,,,,10,54.556,1,-0.01,5.4805,Dy_auto
,16,10.299,386.3,21.88,,,,,10,53.197,1,-0.01,5.3439,Dy_auto
,17,11.137,387.2,21.88,,,,,10,52.446,1,-0.01,5.2685,Dy_auto
,18,12.001,388,21.88,,,,,10,52.663,1,-0.01,5.2903,Dy_auto
,19,12.894,388.9,21.88,,,,,10,52.074,1,-0.01,5.2311,Dy_auto
,20,13.816,389.8,21.89,,,,,10,50.214,1,-0.01,5.0443,Dy_auto
,21,14.768,390.8,21.88,,,,,10,51.806,1,-0.01,5.2042,Dy_auto
,22,15.752,391.8,21.88,,,,,10,53.08,1,-0.01,5.3322,Dy_auto
,23,16.767,392.8,21.88,,,,,10,50.641,1,-0.01,5.0871,Dy_auto
,24,17.816,393.8,21.88,,,,,10,50.864,1,-0.01,5.1095,Dy_auto
,25,18.899,394.9,21.88,,,,,10,49.252,1,-0.01,4.9476,Dy_auto
,26,20.018,396,21.88,,,,,10,49.599,1,-0.01,4.9825,Dy_auto
,27,21.173,397.2,21.88,,,,,10,48.151,1,-0.01,4.837,Dy_auto
,28,22.367,398.4,21.89,,,,,10,49.398,1,-0.01,4.9623,Dy_auto
,29,23.599,399.6,21.88,,,,,10,49.098,1,-0.01,4.9321,Dy_auto
,30,24.871,400.9,21.89,,,,,10,48.275,1,-0.01,4.8495,Dy_auto
,31,26.186,402.2,21.89,,,,,10,48.503,1,-0.01,4.8724,Dy_auto
,32,27.543,403.6,21.89,,,,,10,48.787,1,-0.01,4.901,Dy_auto
,33,28.944,405,21.89,,,,,10,48.051,1,-0.01,4.827,Dy_auto
,34,30.392,406.4,21.89,,,,,10,48.455,1,-0.01,4.8675,Dy_auto
,35,31.887,407.9,21.89,,,,,10,47.551,1,-0.01,4.7768,Dy_auto
,36,33.431,409.5,21.89,,,,,10,47.922,1,-0.01,4.814,Dy_auto
,37,35.025,411.1,21.89,,,,,10,47.676,1,-0.01,4.7893,Dy_auto
,38,36.672,412.7,21.89,,,,,10,46.963,1,-0.01,4.7177,Dy_auto
,39,38.372,414.4,21.89,,,,,10,46.468,1,-0.01,4.6679,Dy_auto
,40,40.128,416.2,21.89,,,,,10,47.996,1,-0.01,4.8215,Dy_auto
,41,41.942,418,21.89,,,,,10,46.922,1,-0.01,4.7136,Dy_auto
,42,43.815,419.8,21.89,,,,,10,45.886,1,-0.01,4.6095,Dy_auto
,43,45.749,421.8,21.89,,,,,10,47.513,1,-0.01,4.773,Dy_auto
,44,47.747,423.8,21.89,,,,,10,46.963,1,-0.01,4.7177,Dy_auto
,45,49.81,425.8,21.89,,,,,10,46.86,1,-0.01,4.7073,Dy_auto
,46,51.941,428,21.89,,,,,10,46.233,1,-0.01,4.6444,Dy_auto
,47,54.141,430.2,21.89,,,,,10,46.732,1,-0.01,4.6945,Dy_auto
,48,56.413,432.4,21.9,,,,,10,46.38,1,-0.01,4.6591,Dy_auto
,49,58.76,434.8,21.9,,,,,10,46.108,1,-0.01,4.6318,Dy_auto
,50,61.184,437.2,21.9,,,,,10,46.302,1,-0.01,4.6513,Dy_auto
,51,63.687,439.7,21.9,,,,,10,45.576,1,-0.01,4.5783,Dy_auto
,52,66.271,442.3,21.9,,,,,10,45.522,1,-0.01,4.5729,Dy_auto
,53,68.941,445,21.9,,,,,10,45.345,1,-0.01,4.5552,Dy_auto
,54,71.698,447.7,21.9,,,,,10,46.001,1,-0.01,4.621,Dy_auto
,55,74.545,450.6,21.9,,,,,10,45.686,1,-0.01,4.5894,Dy_auto
,56,77.485,453.5,21.9,,,,,10,45.407,1,-0.01,4.5614,Dy_auto
,57,80.522,456.5,21.9,,,,,10,45.44,1,-0.01,4.5647,Dy_auto
,58,83.658,459.7,21.9,,,,,10,45.769,1,-0.01,4.5978,Dy_auto
,59,86.897,462.9,21.9,,,,,10,45.137,1,-0.01,4.5343,Dy_auto
,60,90.241,466.3,21.9,,,,,10,43.48,1,-0.01,4.3678,Dy_auto
,61,93.695,469.7,21.91,,,,,10,45.273,1,-0.01,4.5479,Dy_auto
,62,97.263,473.3,21.9,,,,,10,44.627,1,-0.01,4.483,Dy_auto
,63,100.947,477,21.91,,,,,10,44.074,1,-0.01,4.4275,Dy_auto
,64,104.751,480.8,21.91,,,,,10,44.752,1,-0.01,4.4956,Dy_auto
,65,108.68,484.7,21.91,,,,,10,45.073,1,-0.01,4.5279,Dy_auto
,66,112.738,488.8,21.91,,,,,10,44.329,1,-0.01,4.4531,Dy_auto
,67,116.929,493,21.91,,,,,10,44.803,1,-0.01,4.5007,Dy_auto
,68,121.257,497.3,21.91,,,,,10,44.538,1,-0.01,4.4741,Dy_auto
,,,,,,,,,,,,,,
Test:,2wt%_NorHA_0wt%_AdHA_Xwt%CDHA_1to1_cdtoad_r2,,,,,,,,,,,,,
,,,,,,,,,,,,,,
Result:,Measurement 1,,,,,,,,,,,,,
,,,,,,,,,,,,,,
Interval and data points:,1,1,,,,,,,,,,,,
Interval data:,Point No.,Time,Test Time,Temperature,Storage Modulus,Loss Modulus,Loss Factor,Complex Viscosity,Shear Strain,Shear Stress,Gap,Normal Force,Torque,Status
,,,,,,,,,,,,,,
,,[s],[s],[°C],[Pa],[Pa],[1],[mPa·s],[%],[Pa],[mm],[N],[µN·m],
,1,5,20.89,22.02,,,,,3.74E+04,28.265,1,0,2.8394,Dy_auto
,,,,,,,,,,,,,,
Interval and data points:,2,1,,,,,,,,,,,,
Interval data:,Point No.,Time,Test Time,Temperature,Storage Modulus,Loss Modulus,Loss Factor,Complex Viscosity,Shear Strain,Shear Stress,Gap,Normal Force,Torque,Status
,,,,,,,,,,,,,,
,,[s],[s],[°C],[Pa],[Pa],[1],[mPa·s],[%],[Pa],[mm],[N],[µN·m],
,1,10,25.89,22.02,,,,,5E+04,-0.17895,1,0,-0.017977,Dy_auto
,,,,,,,,,,,,,,
Result:,UV Cure ,,,,,,,,,,,,,
,,,,,,,,,,,,,,
Interval and data points:,1,15,,,,,,,,,,,,
Interval data:,Point No.,Time,Test Time,Temperature,Storage Modulus,Loss Modulus,Loss Factor,Complex Viscosity,Shear Strain,Shear Stress,Gap,Normal Force,Torque,Status
,,,,,,,,,,,,,,
,,[s],[s],[°C],[Pa],[Pa],[1],[mPa·s],[%],[Pa],[mm],[N],[µN·m],
,1,1,37.9,22.02,32668,29376,0.899,6.9922E+06,0.787,345.75,1,0,34.732,"MV-,WMa,TruStrain™"
,2,2,38.9,22.02,1297.9,557.4,0.429,2.2481E+05,1,14.126,1,0,1.4191,"MV-,WMa,TruStrain™"
,3,3,39.9,22.02,1346.9,0.067346,5E-05,2.1437E+05,1,13.47,1,0,1.3531,"ME-,MV-,WMa,taD,TruStrain™"
,4,4,40.9,22.02,18.156,11.28,0.621,3402,1,0.21407,1,0,0.021504,"ME-,MV-,WMa,TruStrain™"
,5,5,41.9,22.02,12.519,3.9938,0.319,2091.5,1,0.13187,1,0,0.013247,"MV-,WMa,TruStrain™"
,6,6,42.9,22.02,12.928,3.8414,0.297,2146.4,1,0.13544,1,0,0.013606,"WMa,TruStrain™"
,7,7,43.9,22.02,34.912,2.5278,0.0724,5571,1,0.35171,1,0,0.035332,"WMa,TruStrain™"
,8,8,44.9,22.02,8.2927,5.2455,0.633,1561.7,1,0.098613,1,0,0.0099062,"WMa,TruStrain™"
,9,9,45.9,22.02,12.351,1.4897,0.121,1980,1.01,0.12504,1,0,0.01256,"WMa,TruStrain™"
,10,10,46.9,22.02,6.0831,6.4604,1.06,1412.3,1.01,0.089184,1,0,0.008959,"WMa,TruStrain™"
,11,11,47.9,22.02,10.763,7.079,0.658,2050.3,1.01,0.12947,1,0,0.013006,"WMa,TruStrain™"
,12,12,48.9,22.02,13.161,2.6969,0.205,2138.2,1.01,0.13502,1,0,0.013564,"WMa,TruStrain™"
,13,13,49.9,22.02,9.2581,9.0534,0.978,2060.9,1.01,0.13014,1,0,0.013074,"WMa,TruStrain™"
,14,14,50.9,22.02,16.426,1.9087,0.116,2631.9,1.01,0.1662,1,0,0.016695,"WMa,TruStrain™"
,15,15,51.9,22.02,10.791,6.667,0.618,2018.8,1.01,0.12749,1,0,0.012807,"WMa,TruStrain™"
,,,,,,,,,,,,,,
Interval and data points:,2,68,,,,,,,,,,,,
Interval data:,Point No.,Time,Test Time,Temperature,Storage Modulus,Loss Modulus,Loss Factor,Complex Viscosity,Shear Strain,Shear Stress,Gap,Normal Force,Torque,Status
,,,,,,,,,,,,,,
,,[s],[s],[°C],[Pa],[Pa],[1],[mPa·s],[%],[Pa],[mm],[N],[µN·m],
,1,15.502,52.4,22.02,10.444,1.1069,0.106,1671.5,1.01,0.10556,1,0,0.010604,"WMa,TruStrain™"
,2,16.019,52.92,22.02,11.344,5.4067,0.477,2000,1.01,0.1263,1,0,0.012687,"WMa,TruStrain™"
,3,16.552,53.45,22.02,14.418,6.4775,0.449,2515.6,1.01,0.15886,1,0,0.015958,"WMa,TruStrain™"
,4,17.103,54,22.02,13.46,7.2481,0.538,2433.1,1.01,0.15365,1,0,0.015435,"WMa,TruStrain™"
,5,17.671,54.57,22.02,14.331,6.0056,0.419,2473.1,1.01,0.15617,1,0,0.015688,"WMa,TruStrain™"
,6,18.258,55.16,22.03,11.791,11.711,0.993,2645,1.01,0.16702,1,0,0.016779,"WMa,taD,TruStrain™"
,7,18.864,55.76,22.03,13.828,42.415,3.07,7100.3,1.01,0.44837,1,0,0.045042,"WMa,TruStrain™"
,8,19.49,56.39,22.02,19.888,2.2449,0.113,3185.3,1.01,0.20115,1,0,0.020206,"MV-,WMa,TruStrain™"
,9,20.137,57.04,22.02,5.8779,23.201,3.95,3809.2,1.01,0.24055,1,0,0.024165,"WMa,taD,TruStrain™"
,10,20.805,57.7,22.02,16.215,72.118,4.45,11764,1.01,0.74294,1,0,0.074632,"ME-,WMa,TruStrain™"
,11,21.494,58.39,22.02,61.618,93.144,1.51,17775,1,1.1224,1,0,0.11275,"WMa,TruStrain™"
,12,22.206,59.1,22.02,77.088,93.988,1.22,19347,1.01,1.2217,1,0,0.12273,"WMa,TruStrain™"
,13,22.941,59.84,22.02,103.22,123.43,1.2,25608,1.01,1.6171,1,0,0.16245,"WMa,TruStrain™"
,14,23.7,60.6,22.02,143.99,151.71,1.05,33290,1.01,2.1022,1,0,0.21117,"WMa,TruStrain™"
,15,24.484,61.38,22.03,158.97,154.97,0.975,35333,1.01,2.2312,1,0,0.22414,"WMa,TruStrain™"
,16,25.293,62.19,22.02,201.32,190.53,0.946,44115,1.01,2.7858,1,0,0.27985,"WMa,TruStrain™"
,17,26.129,63.03,22.02,222.16,206.89,0.931,48315,1.01,3.051,1,0,0.30649,"WMa,TruStrain™"
,18,26.992,63.89,22.02,262.38,227.47,0.867,55267,1.01,3.49,1,0,0.35059,"WMa,TruStrain™"
,19,27.884,64.78,22.02,299.19,248.59,0.831,61909,1.01,3.9094,1,0,0.39272,"WMa,TruStrain™"
,20,28.804,65.7,22.02,333.73,267.57,0.802,68079,1.01,4.299,1,0,0.43186,"WMa,TruStrain™"
,21,29.754,66.65,22.02,374.15,284.98,0.762,74854,1.01,4.7269,1,0,0.47484,"WMa,TruStrain™"
,22,30.736,67.63,22.02,412.28,301.46,0.731,81287,1.01,5.1331,1,0,0.51565,"WMa,TruStrain™"
,23,31.749,68.65,22.02,451.21,317.91,0.705,87847,1.01,5.5474,1,0,0.55727,"WMa,TruStrain™"
,24,32.796,69.69,22.02,489.79,332.88,0.68,94252,1.01,5.9519,1,0,0.5979,"WMa,TruStrain™"
,25,33.877,70.78,22.02,526.26,347.99,0.661,1.0041E+05,1.01,6.3409,1,0,0.63698,"WMa,TruStrain™"
,26,34.993,71.89,22.02,567.14,362.51,0.639,1.0713E+05,1.01,6.7649,1,0,0.67957,"WMa,TruStrain™"
,27,36.145,73.04,22.02,603.87,378.2,0.626,1.134E+05,1.01,7.1612,1,0,0.71938,"WMa,TruStrain™"
,28,37.335,74.23,22.02,642.41,390.62,0.608,1.1966E+05,1.01,7.5563,1,0,0.75907,"WMa,TruStrain™"
,29,38.564,75.46,22.02,679.24,401.85,0.592,1.2561E+05,1.01,7.9319,1,0,0.7968,"WMa,TruStrain™"
,30,39.833,76.73,22.02,719.35,415.92,0.578,1.3225E+05,1.01,8.3512,1,0,0.83893,"WMa,TruStrain™"
,31,41.143,78.04,22.03,755.21,428.6,0.568,1.382E+05,1.01,8.7273,1,0,0.87671,"WMa,TruStrain™"
,32,42.497,79.4,22.02,792.46,440.36,0.556,1.4429E+05,1.01,9.1117,1,0,0.91532,"WMa,TruStrain™"
,33,43.894,80.79,22.03,829.59,449.95,0.542,1.502E+05,1.01,9.4851,1,0,0.95283,"WMa,TruStrain™"
,34,45.337,82.24,22.02,867.45,463.29,0.534,1.5652E+05,1.01,9.8837,1,0,0.99287,"WMa,TruStrain™"
,35,46.827,83.73,22.02,903.89,472.93,0.523,1.6236E+05,1.01,10.253,1,0,1.0299,"WMa,TruStrain™"
,36,48.365,85.26,22.02,934.55,482.83,0.517,1.6742E+05,1.01,10.572,1,0,1.062,"WMa,TruStrain™"
,37,49.954,86.85,22.03,973.8,495.66,0.509,1.7391E+05,1.01,10.982,1,0,1.1032,"WMa,TruStrain™"
,38,51.595,88.49,22.02,1003.8,506.32,0.504,1.7894E+05,1.01,11.3,1,0,1.1351,"WMa,TruStrain™"
,39,53.289,90.19,22.02,1037.9,516.73,0.498,1.8452E+05,1.01,11.652,1,0,1.1706,"WMa,TruStrain™"
,40,55.039,91.94,22.02,1069.2,525.83,0.492,1.8963E+05,1.01,11.975,1,0,1.203,"WMa,TruStrain™"
,41,56.846,93.74,22.02,1100.5,534.52,0.486,1.9471E+05,1.01,12.296,1,0,1.2352,"WMa,TruStrain™"
,42,58.711,95.61,22.02,1129.1,543.39,0.481,1.9944E+05,1.01,12.594,1,0,1.2652,"WMa,TruStrain™"
,43,60.638,97.54,22.02,1155.6,548.96,0.475,2.0362E+05,1.01,12.858,1,0,1.2917,"WMa,TruStrain™"
,44,62.627,99.53,22.02,1181.2,554.71,0.47,2.0769E+05,1.01,13.115,1,0,1.3175,"WMa,TruStrain™"
,45,64.681,101.6,22.02,1198,562,0.469,2.106E+05,1.01,13.299,1,0,1.336,"WMa,TruStrain™"
,46,66.803,103.7,22.02,1217.2,565.57,0.465,2.1362E+05,1.01,13.49,1,0,1.3551,"WMa,TruStrain™"
,47,68.993,105.9,22.02,1227.2,568.17,0.463,2.1524E+05,1.01,13.592,1,0,1.3654,"WMa,TruStrain™"
,48,71.256,108.2,22.02,1234.9,571.64,0.463,2.1657E+05,1.01,13.676,1,0,1.3738,"WMa,TruStrain™"
,49,73.591,110.5,22.02,1240.1,573.43,0.462,2.1745E+05,1.01,13.732,1,0,1.3794,"WMa,TruStrain™"
,50,76.004,112.9,22.03,1242.7,574.61,0.462,2.179E+05,1.01,13.76,1,0,1.3823,"WMa,TruStrain™"
,51,78.495,115.4,22.03,1243.5,574.84,0.462,2.1803E+05,1.01,13.768,1,0,1.3831,"WMa,TruStrain™"
,52,81.067,118,22.03,1245.6,575.23,0.462,2.1836E+05,1.01,13.789,1,0,1.3852,"WMa,TruStrain™"
,53,83.723,120.6,22.03,1246.4,576.14,0.462,2.1854E+05,1.01,13.8,1,0,1.3863,"WMa,TruStrain™"
,54,86.466,123.4,22.03,1245.5,577.36,0.464,2.185E+05,1.01,13.798,1,0,1.386,"WMa,TruStrain™"
,55,89.298,126.2,22.03,1246.5,578.91,0.464,2.1873E+05,1.01,13.813,1,0,1.3876,"WMa,TruStrain™"
,56,92.223,129.1,22.03,1245.8,581.18,0.467,2.1879E+05,1.01,13.816,1,0,1.3879,"WMa,TruStrain™"
,57,95.243,132.1,22.03,1248.1,580.7,0.465,2.1909E+05,1.01,13.835,1,0,1.3898,"WMa,TruStrain™"
,58,98.362,135.3,22.03,1247.1,579.37,0.465,2.1886E+05,1.01,13.821,1,0,1.3884,"WMa,TruStrain™"
,59,101.583,138.5,22.03,1246,581.85,0.467,2.1887E+05,1.01,13.821,1,0,1.3884,"WMa,TruStrain™"
,60,104.908,141.8,22.03,1245.4,580.22,0.466,2.1866E+05,1.01,13.808,1,0,1.3871,"WMa,TruStrain™"
,61,108.343,145.2,22.03,1245.5,582.28,0.467,2.1882E+05,1.01,13.818,1,0,1.3881,"WMa,TruStrain™"
,62,111.889,148.8,22.03,1246,582.49,0.467,2.1891E+05,1.01,13.824,1,0,1.3887,"WMa,TruStrain™"
,63,115.551,152.4,22.03,1246,583.56,0.468,2.1898E+05,1.01,13.828,1,0,1.3891,"WMa,TruStrain™"
,64,119.333,156.2,22.03,1244.1,583.15,0.469,2.1868E+05,1.01,13.809,1,0,1.3872,"WMa,TruStrain™"
,65,123.238,160.1,22.03,1243.3,582.87,0.469,2.1854E+05,1.01,13.8,1,0,1.3863,"WMa,TruStrain™"
,66,127.27,164.2,22.03,1243.4,585.9,0.471,2.1876E+05,1.01,13.814,1,0,1.3877,"WMa,TruStrain™"
,67,131.434,168.3,22.03,1241.4,587.48,0.473,2.1858E+05,1.01,13.803,1,0,1.3866,"WMa,TruStrain™"
,68,135.734,172.6,22.03,1243,586.9,0.472,2.1878E+05,1.01,13.815,1,0,1.3878,"WMa,TruStrain™"
,,,,,,,,,,,,,,
Interval and data points:,3,15,,,,,,,,,,,,
Interval data:,Point No.,Time,Test Time,Temperature,Storage Modulus,Loss Modulus,Loss Factor,Complex Viscosity,Shear Strain,Shear Stress,Gap,Normal Force,Torque,Status
,,,,,,,,,,,,,,
,,[s],[s],[°C],[Pa],[Pa],[1],[mPa·s],[%],[Pa],[mm],[N],[µN·m],
,1,136.735,173.6,22.03,1243.2,585.68,0.471,2.1872E+05,1.01,13.812,1,0,1.3875,"WMa,TruStrain™"
,2,137.735,174.6,22.03,1242.6,587.89,0.473,2.1879E+05,1.01,13.816,1,0,1.3879,"WMa,TruStrain™"
,3,138.735,175.6,22.03,1240.1,589.65,0.475,2.1854E+05,1.01,13.801,1,0,1.3864,"WMa,TruStrain™"
,4,139.735,176.6,22.03,1240.8,587.95,0.474,2.1853E+05,1.01,13.8,1,0,1.3863,"WMa,TruStrain™"
,5,140.735,177.6,22.03,1241.7,587.94,0.473,2.1866E+05,1.01,13.808,1,0,1.3871,"WMa,TruStrain™"
,6,141.735,178.6,22.03,1242.6,590.25,0.475,2.1895E+05,1.01,13.826,1,0,1.3889,"WMa,TruStrain™"
,7,142.735,179.6,22.03,1243.8,589.6,0.474,2.1908E+05,1.01,13.834,1,0,1.3897,"WMa,TruStrain™"
,8,143.735,180.6,22.03,1238.6,585.52,0.473,2.1804E+05,1.01,13.769,1,0,1.3832,"WMa,TruStrain™"
,9,144.735,181.6,22.03,1243.1,592.3,0.476,2.1916E+05,1.01,13.84,1,0,1.3903,"WMa,TruStrain™"
,10,145.735,182.6,22.03,1239,584.35,0.472,2.1803E+05,1.01,13.768,1,0,1.3831,"WMa,TruStrain™"
,11,146.735,183.6,22.03,1244.2,586.6,0.471,2.1892E+05,1.01,13.825,1,0,1.3888,"WMa,TruStrain™"
,12,147.735,184.6,22.03,1242.4,586.5,0.472,2.1865E+05,1.01,13.808,1,0,1.3871,"WMa,TruStrain™"
,13,148.735,185.6,22.03,1241.6,584.97,0.471,2.1844E+05,1.01,13.794,1,0,1.3857,"WMa,TruStrain™"
,14,149.735,186.6,22.03,1241,586.15,0.472,2.1843E+05,1.01,13.793,1,0,1.3856,"WMa,TruStrain™"
,15,150.735,187.6,22.03,1242.3,589.5,0.475,2.1885E+05,1.01,13.82,1,0,1.3883,"WMa,TruStrain™"
,,,,,,,,,,,,,,
Result:,Stress Relaxation,,,,,,,,,,,,,
,,,,,,,,,,,,,,
Interval and data points:,1,68,,,,,,,,,,,,
Interval data:,Point No.,Time,Test Time,Temperature,Storage Modulus,Loss Modulus,Loss Factor,Complex Viscosity,Shear Strain,Shear Stress,Gap,Normal Force,Torque,Status
,,,,,,,,,,,,,,
,,[s],[s],[°C],[Pa],[Pa],[1],[mPa·s],[%],[Pa],[mm],[N],[µN·m],
,1,0.5,198.8,22.03,,,,,10,102.06,1,-0.01,10.253,Dy_auto
,2,1.017,199.3,22.03,,,,,10,80.761,1,-0.01,8.1128,Dy_auto
,3,1.55,199.9,22.03,,,,,10,68.47,1,-0.01,6.8782,Dy_auto
,4,2.101,200.4,22.03,,,,,10,67.812,1,-0.01,6.8121,Dy_auto
,5,2.669,201,22.03,,,,,10,65.643,1,-0.01,6.5942,Dy_auto
,6,3.256,201.6,22.03,,,,,10,64.759,1,-0.01,6.5054,Dy_auto
,7,3.862,202.2,22.04,,,,,10,63.25,1,-0.01,6.3538,Dy_auto
,8,4.488,202.8,22.04,,,,,10,62.046,1,-0.01,6.2328,Dy_auto
,9,5.135,203.4,22.03,,,,,10,59.852,1,-0.01,6.0124,Dy_auto
,10,5.803,204.1,22.03,,,,,10,57.365,1,0,5.7627,Dy_auto
,11,6.492,204.8,22.04,,,,,10,59.16,1,-0.01,5.943,Dy_auto
,12,7.204,205.5,22.04,,,,,10,58.918,1,0,5.9186,Dy_auto
,13,7.939,206.2,22.04,,,,,10,57.517,1,-0.01,5.7779,Dy_auto
,14,8.698,207,22.04,,,,,10,58.092,1,-0.01,5.8357,Dy_auto
,15,9.482,207.8,22.04,,,,,10,57.699,1,-0.01,5.7962,Dy_auto
,16,10.291,208.6,22.04,,,,,10,56.123,1,-0.01,5.6379,Dy_auto
,17,11.127,209.4,22.04,,,,,10,55.589,1,-0.01,5.5842,Dy_auto
,18,11.99,210.3,22.04,,,,,10,56.108,1,0,5.6363,Dy_auto
,19,12.882,211.2,22.04,,,,,10,56.959,1,-0.01,5.7218,Dy_auto
,20,13.802,212.1,22.04,,,,,10,54.726,1,-0.01,5.4975,Dy_auto
,21,14.752,213.1,22.04,,,,,10,55.713,1,-0.01,5.5967,Dy_auto
,22,15.734,214,22.03,,,,,10,54.315,1,-0.01,5.4562,Dy_auto
,23,16.747,215.1,22.04,,,,,10,54.622,1,-0.01,5.4871,Dy_auto
,24,17.794,216.1,22.04,,,,,10,54.259,1,-0.01,5.4506,Dy_auto
,25,18.875,217.2,22.04,,,,,10,53.912,1,-0.01,5.4157,Dy_auto
,26,19.991,218.3,22.04,,,,,10,53.526,1,-0.01,5.377,Dy_auto
,27,21.143,219.4,22.04,,,,,10,53.104,1,-0.01,5.3346,Dy_auto
,28,22.333,220.6,22.04,,,,,10,54.026,1,-0.01,5.4272,Dy_auto
,29,23.562,221.9,22.04,,,,,10,52.495,1,-0.01,5.2734,Dy_auto
,30,24.831,223.1,22.04,,,,,10,53.7,1,-0.01,5.3945,Dy_auto
,31,26.141,224.4,22.04,,,,,10,54.258,1,-0.01,5.4506,Dy_auto
,32,27.495,225.8,22.04,,,,,10,52.612,1,-0.01,5.2852,Dy_auto
,33,28.892,227.2,22.04,,,,,10,52.865,1,-0.01,5.3106,Dy_auto
,34,30.335,228.6,22.04,,,,,10,53.431,1,-0.01,5.3675,Dy_auto
,35,31.825,230.1,22.04,,,,,10,52.23,1,-0.01,5.2468,Dy_auto
,36,33.363,231.7,22.04,,,,,10,52.33,1,-0.01,5.2568,Dy_auto
,37,34.952,233.3,22.04,,,,,10,52.293,1,-0.01,5.2531,Dy_auto
,38,36.593,234.9,22.04,,,,,10,52.296,1,-0.01,5.2534,Dy_auto
,39,38.287,236.6,22.04,,,,,10,52.59,1,-0.01,5.2829,Dy_auto
,40,40.037,238.3,22.04,,,,,10,51.428,1,-0.01,5.1663,Dy_auto
,41,41.844,240.1,22.04,,,,,10,51.625,1,-0.01,5.186,Dy_auto
,42,43.709,242,22.04,,,,,10,50.912,1,-0.01,5.1144,Dy_auto
,43,45.636,243.9,22.04,,,,,10,49.923,1,-0.01,5.015,Dy_auto
,44,47.625,245.9,22.04,,,,,10,51.298,1,-0.01,5.1531,Dy_auto
,45,49.679,248,22.04,,,,,10,50.901,1,-0.01,5.1133,Dy_auto
,46,51.801,250.1,22.04,,,,,10,50.71,1,-0.01,5.0941,Dy_auto
,47,53.991,252.3,22.04,,,,,10,50.494,1,-0.01,5.0724,Dy_auto
,48,56.254,254.6,22.05,,,,,10,50.164,1,-0.01,5.0392,Dy_auto
,49,58.589,256.9,22.05,,,,,10,49.947,1,-0.01,5.0174,Dy_auto
,50,61.002,259.3,22.05,,,,,10,50.748,1,-0.01,5.0979,Dy_auto
,51,63.493,261.8,22.05,,,,,10,51.208,1,-0.01,5.1441,Dy_auto
,52,66.065,264.4,22.05,,,,,10,50.267,1,-0.01,5.0496,Dy_auto
,53,68.721,267,22.05,,,,,10,50.31,1,-0.01,5.0539,Dy_auto
,54,71.464,269.8,22.05,,,,,10,50.037,1,-0.01,5.0265,Dy_auto
,55,74.296,272.6,22.05,,,,,10,49.445,1,-0.01,4.967,Dy_auto
,56,77.221,275.5,22.05,,,,,10,49.543,1,-0.01,4.9769,Dy_auto
,57,80.241,278.5,22.05,,,,,10,49.794,1,-0.01,5.0021,Dy_auto
,58,83.36,281.7,22.05,,,,,10,49.538,1,-0.01,4.9763,Dy_auto
,59,86.581,284.9,22.05,,,,,10,49.894,1,-0.01,5.0121,Dy_auto
,60,89.906,288.2,22.05,,,,,10,49.255,1,-0.01,4.948,Dy_auto
,61,93.341,291.6,22.05,,,,,10,49.642,1,-0.01,4.9868,Dy_auto
,62,96.887,295.2,22.05,,,,,10,49.214,1,-0.01,4.9439,Dy_auto
,63,100.549,298.9,22.05,,,,,10,49.29,1,-0.01,4.9515,Dy_auto
,64,104.331,302.6,22.05,,,,,10,49.053,1,-0.01,4.9277,Dy_auto
,65,108.236,306.5,22.05,,,,,10,48.889,1,-0.01,4.9111,Dy_auto
,66,112.268,310.6,22.06,,,,,10,48.406,1,-0.01,4.8627,Dy_auto
,67,116.432,314.7,22.06,,,,,10,49.032,1,-0.01,4.9255,Dy_auto
,68,120.732,319,22.06,,,,,10,49.107,1,-0.01,4.9331,Dy_auto
,,,,,,,,,,,,,,
Test:,2wt%_NorHA_0wt%_AdHA_Xwt%CDHA_1to1_cdtoad_r3,,,,,,,,,,,,,
,,,,,,,,,,,,,,
Result:,Measurement 1,,,,,,,,,,,,,
,,,,,,,,,,,,,,
Interval and data points:,1,1,,,,,,,,,,,,
Interval data:,Point No.,Time,Test Time,Temperature,Storage Modulus,Loss Modulus,Loss Factor,Complex Viscosity,Shear Strain,Shear Stress,Gap,Normal Force,Torque,Status
,,,,,,,,,,,,,,
,,[s],[s],[°C],[Pa],[Pa],[1],[mPa·s],[%],[Pa],[mm],[N],[µN·m],
,1,5,20.87,22.19,,,,,3.74E+04,112.37,1,0,11.288,Dy_auto
,,,,,,,,,,,,,,
Interval and data points:,2,1,,,,,,,,,,,,
Interval data:,Point No.,Time,Test Time,Temperature,Storage Modulus,Loss Modulus,Loss Factor,Complex Viscosity,Shear Strain,Shear Stress,Gap,Normal Force,Torque,Status
,,,,,,,,,,,,,,
,,[s],[s],[°C],[Pa],[Pa],[1],[mPa·s],[%],[Pa],[mm],[N],[µN·m],
,1,10,25.87,22.19,,,,,5E+04,-30.226,1,0,-3.0364,Dy_auto
,,,,,,,,,,,,,,
Result:,UV Cure ,,,,,,,,,,,,,
,,,,,,,,,,,,,,
Interval and data points:,1,15,,,,,,,,,,,,
Interval data:,Point No.,Time,Test Time,Temperature,Storage Modulus,Loss Modulus,Loss Factor,Complex Viscosity,Shear Strain,Shear Stress,Gap,Normal Force,Torque,Status
,,,,,,,,,,,,,,
,,[s],[s],[°C],[Pa],[Pa],[1],[mPa·s],[%],[Pa],[mm],[N],[µN·m],
,1,1,41.24,22.19,22649,20397,0.901,4.8509E+06,0.787,240.02,1,-0.01,24.111,"MV-,WMa,TruStrain™"
,2,2,42.24,22.19,902.82,392.92,0.435,1.5671E+05,1,9.8469,1,-0.01,0.98918,"MV-,WMa,TruStrain™"
,3,3,43.24,22.19,939.3,0.046965,5E-05,1.4949E+05,1,9.3933,1,0,0.94361,"ME-,MV-,WMa,taD,TruStrain™"
,4,4,44.24,22.19,20.095,5.9365,0.295,3334.9,1,0.20985,1,0,0.021081,"WMa,TruStrain™"
,5,5,45.24,22.19,17.453,7.6558,0.439,3033.2,1,0.19124,1,0,0.019211,"WMa,TruStrain™"
,6,6,46.24,22.19,15.357,2.133,0.139,2467.6,1,0.15571,1,0,0.015642,"MV-,WMa,TruStrain™"
,7,7,47.24,22.2,11.483,0.2168,0.0189,1827.9,1,0.1154,1,0,0.011593,"WMa,TruStrain™"
,8,8,48.24,22.19,0.00038154,7.6308,2E+04,1214.5,1,0.076688,1,-0.01,0.0077038,"ME-,WMa,TruStrain™"
,9,9,49.24,22.19,0.85318,6.6143,7.75,1061.4,1.01,0.067027,1,0,0.0067332,"ME-,WMa,TruStrain™"
,10,10,50.24,22.19,1.0898,3.6805,3.38,610.91,1.01,0.038579,1,0,0.0038754,"ME-,WMa,TruStrain™"
,11,11,51.24,22.19,2.5035,8.1137,3.24,1351.4,1.01,0.08534,1,-0.01,0.0085729,"WMa,TruStrain™"
,12,12,52.24,22.19,12.996,2.053,0.158,2094.1,1.01,0.13224,1,0,0.013284,"WMa,TruStrain™"
,13,13,53.24,22.19,4.0308,5.7016,1.41,1111.3,1.01,0.070177,1,-0.01,0.0070497,"WMa,TruStrain™"
,14,14,54.24,22.2,7.2782,7.9896,1.1,1720.1,1.01,0.10862,1,0,0.010912,"WMa,TruStrain™"
,15,15,55.24,22.2,9.2979,7.9108,0.851,1942.9,1.01,0.12269,1,0,0.012325,"WMa,TruStrain™"
,,,,,,,,,,,,,,
Interval and data points:,2,68,,,,,,,,,,,,
Interval data:,Point No.,Time,Test Time,Temperature,Storage Modulus,Loss Modulus,Loss Factor,Complex Viscosity,Shear Strain,Shear Stress,Gap,Normal Force,Torque,Status
,,,,,,,,,,,,,,
,,[s],[s],[°C],[Pa],[Pa],[1],[mPa·s],[%],[Pa],[mm],[N],[µN·m],
,1,15.503,55.74,22.2,8.9963,5.6394,0.627,1689.9,1.01,0.10671,1,0,0.01072,"WMa,TruStrain™"
,2,16.02,56.26,22.19,7.3938,6.1536,0.832,1531,1.01,0.09668,1,-0.01,0.009712,"WMa,TruStrain™"
,3,16.553,56.79,22.2,4.49,6.6396,1.48,1275.7,1.01,0.080557,1,0,0.0080924,"WMa,TruStrain™"
,4,17.104,57.34,22.2,6.5823,8.0442,1.22,1654.3,1.01,0.10446,1,0,0.010494,"WMa,TruStrain™"
,5,17.672,57.91,22.2,16.437,6.9611,0.424,2840.9,1.01,0.1794,1,0,0.018021,"WMa,TruStrain™"
,6,18.259,58.5,22.2,9.638,10.122,1.05,2224.5,1.01,0.14047,1,0,0.014111,"WMa,TruStrain™"
,7,18.865,59.11,22.2,7.2481,20.223,2.79,3419.1,1.01,0.21591,1,0,0.021689,"WMa,TruStrain™"
,8,19.491,59.73,22.2,14.944,29.55,1.98,5270.3,1.01,0.33281,1,0,0.033433,"WMa,TruStrain™"
,9,20.138,60.38,22.19,26.427,45.545,1.72,8380.6,1.01,0.52923,1,0,0.053164,"WMa,TruStrain™"
,10,20.806,61.05,22.19,37.52,63.663,1.7,11761,1.01,0.7427,1,0,0.074609,"WMa,TruStrain™"
,11,21.495,61.74,22.19,55.984,81.44,1.45,15729,1.01,0.99324,1,0,0.099776,"WMa,TruStrain™"
,12,22.207,62.45,22.19,76.193,96.571,1.27,19578,1.01,1.2363,1,-0.01,0.12419,"WMa,TruStrain™"
,13,22.942,63.18,22.2,96.378,115.67,1.2,23963,1.01,1.5132,1,0,0.15201,"WMa,TruStrain™"
,14,23.701,63.94,22.2,120.49,133.47,1.11,28618,1.01,1.8072,1,0,0.18154,"WMa,TruStrain™"
,15,24.485,64.73,22.2,149.05,152.97,1.03,33991,1.01,2.1465,1,0,0.21563,"WMa,TruStrain™"
,16,25.294,65.53,22.2,185,175.74,0.95,40610,1.01,2.5645,1,0,0.25762,"WMa,TruStrain™"
,17,26.13,66.37,22.2,208.64,186.61,0.894,44551,1.01,2.8133,1,0,0.28261,"WMa,TruStrain™"
,18,26.993,67.23,22.19,239.94,200.91,0.837,49807,1.01,3.1452,1,-0.01,0.31595,"WMa,TruStrain™"
,19,27.885,68.13,22.2,269.85,218.93,0.811,55305,1.01,3.4924,1,0,0.35083,"WMa,TruStrain™"
,20,28.805,69.05,22.2,301.85,234.4,0.777,60825,1.01,3.841,1,-0.01,0.38585,"WMa,TruStrain™"
,21,29.755,70,22.2,328.48,246.01,0.749,65315,1.01,4.1246,1,0,0.41434,"WMa,TruStrain™"
,22,30.737,70.98,22.19,361.69,261.69,0.724,71052,1.01,4.4868,1,0,0.45073,"WMa,TruStrain™"
,23,31.75,71.99,22.19,395.57,269.7,0.682,76197,1.01,4.8117,1,-0.01,0.48336,"WMa,TruStrain™"
,24,32.797,73.04,22.19,428.61,289.42,0.675,82311,1.01,5.1979,1,-0.01,0.52215,"WMa,TruStrain™"
,25,33.878,74.12,22.2,456.79,298.53,0.654,86849,1.01,5.4844,1,-0.01,0.55094,"WMa,TruStrain™"
,26,34.994,75.23,22.2,487.66,312.71,0.641,92200,1.01,5.8223,1,-0.01,0.58488,"WMa,TruStrain™"
,27,36.146,76.39,22.2,521.33,318.3,0.611,97215,1.01,6.139,1,-0.01,0.61669,"WMa,TruStrain™"
,28,37.336,77.58,22.2,547.49,332.05,0.606,1.0191E+05,1.01,6.4355,1,-0.01,0.64648,"WMa,TruStrain™"
,29,38.565,78.81,22.2,577.03,345.81,0.599,1.0707E+05,1.01,6.7611,1,-0.01,0.67919,"WMa,TruStrain™"
,30,39.834,80.07,22.2,604.01,350.99,0.581,1.1118E+05,1.01,7.021,1,-0.01,0.7053,"WMa,TruStrain™"
,31,41.144,81.38,22.2,635.4,362.9,0.571,1.1646E+05,1.01,7.3542,1,-0.01,0.73877,"WMa,TruStrain™"
,32,42.498,82.74,22.19,661.5,372.47,0.563,1.2082E+05,1.01,7.6298,1,-0.01,0.76645,"WMa,TruStrain™"
,33,43.895,84.14,22.2,690.22,381.23,0.552,1.2549E+05,1.01,7.9248,1,-0.01,0.79609,"WMa,TruStrain™"
,34,45.338,85.58,22.2,718.07,388.97,0.542,1.2997E+05,1.01,8.2077,1,-0.01,0.82451,"WMa,TruStrain™"
,35,46.828,87.07,22.2,744.27,396.53,0.533,1.3422E+05,1.01,8.4756,1,-0.01,0.85142,"WMa,TruStrain™"
,36,48.366,88.61,22.2,771.51,405.61,0.526,1.3872E+05,1.01,8.7602,1,-0.01,0.88001,"WMa,TruStrain™"
,37,49.955,90.2,22.2,797.07,411.86,0.517,1.4279E+05,1.01,9.0171,1,-0.01,0.90582,"WMa,TruStrain™"
,38,51.596,91.84,22.2,822.22,419.32,0.51,1.4689E+05,1.01,9.2762,1,-0.01,0.93185,"WMa,TruStrain™"
,39,53.29,93.53,22.2,844.67,426,0.504,1.5056E+05,1.01,9.5078,1,-0.01,0.95511,"WMa,TruStrain™"
,40,55.04,95.28,22.2,866.62,433.11,0.5,1.5419E+05,1.01,9.7371,1,-0.01,0.97815,"WMa,TruStrain™"
,41,56.847,97.09,22.2,890.06,443.14,0.498,1.5824E+05,1.01,9.9928,1,-0.01,1.0038,"WMa,TruStrain™"
,42,58.712,98.95,22.2,910.74,447.96,0.492,1.6153E+05,1.01,10.201,1,-0.01,1.0247,"WMa,TruStrain™"
,43,60.639,100.9,22.2,926.98,448.63,0.484,1.639E+05,1.01,10.35,1,-0.01,1.0397,"WMa,TruStrain™"
,44,62.628,102.9,22.2,943.2,455.44,0.483,1.667E+05,1.01,10.527,1,-0.01,1.0575,"WMa,TruStrain™"
,45,64.682,104.9,22.2,951.52,460.13,0.484,1.6822E+05,1.01,10.623,1,-0.01,1.0671,"WMa,TruStrain™"
,46,66.804,107,22.2,960.43,460.23,0.479,1.695E+05,1.01,10.704,1,-0.01,1.0752,"WMa,TruStrain™"
,47,68.994,109.2,22.2,968.55,462.53,0.478,1.7082E+05,1.01,10.787,1,-0.01,1.0836,"WMa,TruStrain™"
,48,71.257,111.5,22.2,970.58,463.59,0.478,1.7119E+05,1.01,10.81,1,-0.01,1.086,"WMa,TruStrain™"
,49,73.592,113.8,22.2,972.59,463.11,0.476,1.7144E+05,1.01,10.826,1,-0.01,1.0876,"WMa,TruStrain™"
,50,76.005,116.2,22.2,971.97,464.3,0.478,1.7144E+05,1.01,10.826,1,-0.01,1.0875,"WMa,TruStrain™"
,51,78.496,118.7,22.2,972.7,462.25,0.475,1.714E+05,1.01,10.824,1,-0.01,1.0873,"WMa,TruStrain™"
,52,81.068,121.3,22.2,972.63,464.02,0.477,1.7151E+05,1.01,10.831,1,-0.01,1.088,"WMa,TruStrain™"
,53,83.724,124,22.2,972.11,466.36,0.48,1.716E+05,1.01,10.836,1,-0.01,1.0886,"WMa,TruStrain™"
,54,86.467,126.7,22.2,974.45,465.86,0.478,1.719E+05,1.01,10.855,1,-0.01,1.0905,"WMa,TruStrain™"
,55,89.299,129.5,22.2,979.76,470.49,0.48,1.7298E+05,1.01,10.923,1,-0.01,1.0973,"WMa,TruStrain™"
,56,92.224,132.5,22.2,975.39,465.88,0.478,1.7204E+05,1.01,10.864,1,-0.01,1.0913,"WMa,TruStrain™"
,57,95.244,135.5,22.2,973.74,468.7,0.481,1.7199E+05,1.01,10.861,1,-0.01,1.0911,"WMa,TruStrain™"
,58,98.363,138.6,22.2,973.32,469.38,0.482,1.7198E+05,1.01,10.86,1,-0.01,1.091,"WMa,TruStrain™"
,59,101.584,141.8,22.2,972.25,465.63,0.479,1.7157E+05,1.01,10.834,1,-0.01,1.0884,"WMa,TruStrain™"
,60,104.909,145.1,22.2,971.88,469.74,0.483,1.718E+05,1.01,10.849,1,-0.01,1.0898,"WMa,TruStrain™"
,61,108.344,148.6,22.19,969.73,467.99,0.483,1.7137E+05,1.01,10.822,1,-0.01,1.0871,"WMa,TruStrain™"
,62,111.89,152.1,22.19,969.51,469.33,0.484,1.7143E+05,1.01,10.826,1,-0.01,1.0875,"WMa,TruStrain™"
,63,115.552,155.8,22.2,969.55,469.72,0.484,1.7146E+05,1.01,10.828,1,-0.01,1.0877,"WMa,TruStrain™"
,64,119.334,159.6,22.2,966.67,470.73,0.487,1.7112E+05,1.01,10.806,1,-0.01,1.0855,"WMa,TruStrain™"
,65,123.239,163.5,22.2,969.56,469.69,0.484,1.7146E+05,1.01,10.828,1,-0.01,1.0877,"WMa,TruStrain™"
,66,127.271,167.5,22.2,968.83,472.49,0.488,1.7155E+05,1.01,10.833,1,-0.01,1.0883,"WMa,TruStrain™"
,67,131.435,171.7,22.2,967.75,471.41,0.487,1.7132E+05,1.01,10.819,1,-0.01,1.0868,"WMa,TruStrain™"
,68,135.735,176,22.2,967.33,470.29,0.486,1.7119E+05,1.01,10.81,1,-0.01,1.0859,"WMa,TruStrain™"
,,,,,,,,,,,,,,
Interval and data points:,3,15,,,,,,,,,,,,
Interval data:,Point No.,Time,Test Time,Temperature,Storage Modulus,Loss Modulus,Loss Factor,Complex Viscosity,Shear Strain,Shear Stress,Gap,Normal Force,Torque,Status
,,,,,,,,,,,,,,
,,[s],[s],[°C],[Pa],[Pa],[1],[mPa·s],[%],[Pa],[mm],[N],[µN·m],
,1,136.737,177,22.2,969.7,471.52,0.486,1.7161E+05,1.01,10.837,1,-0.01,1.0886,"WMa,TruStrain™"
,2,137.737,178,22.19,965.58,469.49,0.486,1.7088E+05,1.01,10.791,1,-0.01,1.084,"WMa,TruStrain™"
,3,138.737,179,22.2,967.48,469.35,0.485,1.7114E+05,1.01,10.807,1,-0.01,1.0857,"WMa,TruStrain™"
,4,139.737,180,22.2,967.21,474.07,0.49,1.7143E+05,1.01,10.826,1,-0.01,1.0875,"WMa,TruStrain™"
,5,140.737,181,22.2,967.83,473.25,0.489,1.7146E+05,1.01,10.828,1,-0.01,1.0877,"WMa,TruStrain™"
,6,141.737,182,22.2,966.11,469,0.485,1.7092E+05,1.01,10.793,1,-0.01,1.0843,"WMa,TruStrain™"
,7,142.737,183,22.2,964.5,472.26,0.49,1.7092E+05,1.01,10.793,1,-0.01,1.0842,"WMa,TruStrain™"
,8,143.737,184,22.2,967.04,466.27,0.482,1.7087E+05,1.01,10.79,1,-0.01,1.0839,"WMa,TruStrain™"
,9,144.737,185,22.2,964.34,477.01,0.495,1.7123E+05,1.01,10.813,1,-0.01,1.0862,"WMa,TruStrain™"
,10,145.737,186,22.2,962.96,470.82,0.489,1.706E+05,1.01,10.773,1,-0.01,1.0822,"WMa,TruStrain™"
,11,146.737,187,22.2,965.97,469.33,0.486,1.7092E+05,1.01,10.794,1,-0.01,1.0843,"WMa,TruStrain™"
,12,147.737,188,22.2,966.41,474.68,0.491,1.7136E+05,1.01,10.821,1,-0.01,1.087,"WMa,TruStrain™"
,13,148.737,189,22.2,965.75,469.19,0.486,1.7088E+05,1.01,10.791,1,-0.01,1.084,"WMa,TruStrain™"
,14,149.737,190,22.2,964.53,470.34,0.488,1.7079E+05,1.01,10.785,1,-0.01,1.0834,"WMa,TruStrain™"
,15,150.737,191,22.2,966.64,469.83,0.486,1.7106E+05,1.01,10.802,1,-0.01,1.0851,"WMa,TruStrain™"
,,,,,,,,,,,,,,
Result:,Stress Relaxation,,,,,,,,,,,,,
,,,,,,,,,,,,,,
Interval and data points:,1,68,,,,,,,,,,,,
Interval data:,Point No.,Time,Test Time,Temperature,Storage Modulus,Loss Modulus,Loss Factor,Complex Viscosity,Shear Strain,Shear Stress,Gap,Normal Force,Torque,Status
,,,,,,,,,,,,,,
,,[s],[s],[°C],[Pa],[Pa],[1],[mPa·s],[%],[Pa],[mm],[N],[µN·m],
,1,0.5,202.2,22.2,,,,,10,70.237,1,-0.01,7.0557,Dy_auto
,2,1.017,202.7,22.2,,,,,10,62.753,1,-0.01,6.3039,Dy_auto
,3,1.55,203.3,22.2,,,,,10,59.754,1,-0.01,6.0026,Dy_auto
,4,2.101,203.8,22.2,,,,,10,51.267,1,-0.01,5.1501,Dy_auto
,5,2.669,204.4,22.2,,,,,10,51.439,1,-0.01,5.1673,Dy_auto
,6,3.256,205,22.2,,,,,10,50.801,1,-0.01,5.1033,Dy_auto
,7,3.862,205.6,22.2,,,,,10,48.645,1,-0.01,4.8867,Dy_auto
,8,4.488,206.2,22.2,,,,,10,49.261,1,-0.01,4.9486,Dy_auto
,9,5.135,206.9,22.2,,,,,10,47.977,1,-0.01,4.8196,Dy_auto
,10,5.803,207.5,22.2,,,,,10,45.284,1,-0.01,4.549,Dy_auto
,11,6.492,208.2,22.2,,,,,10,47.262,1,-0.01,4.7478,Dy_auto
,12,7.204,208.9,22.2,,,,,10,44.851,1,-0.01,4.5055,Dy_auto
,13,7.939,209.7,22.2,,,,,10,44.537,1,-0.01,4.474,Dy_auto
,14,8.698,210.4,22.2,,,,,10,44.909,1,-0.01,4.5113,Dy_auto
,15,9.482,211.2,22.2,,,,,10,43.778,1,-0.01,4.3978,Dy_auto
,16,10.291,212,22.2,,,,,10,42.444,1,-0.01,4.2637,Dy_auto
,17,11.127,212.9,22.2,,,,,10,44.712,1,-0.01,4.4916,Dy_auto
,18,11.99,213.7,22.2,,,,,10,43.224,1,-0.01,4.3421,Dy_auto
,19,12.882,214.6,22.2,,,,,10,42.519,1,-0.01,4.2713,Dy_auto
,20,13.802,215.5,22.2,,,,,10,42.658,1,-0.01,4.2853,Dy_auto
,21,14.752,216.5,22.2,,,,,10,42.78,1,-0.01,4.2975,Dy_auto
,22,15.734,217.5,22.2,,,,,10,42.124,1,-0.01,4.2316,Dy_auto
,23,16.747,218.5,22.2,,,,,10,41.34,1,-0.01,4.1528,Dy_auto
,24,17.794,219.5,22.2,,,,,10,40.991,1,-0.01,4.1178,Dy_auto
,25,18.875,220.6,22.2,,,,,10,40.743,1,-0.01,4.0929,Dy_auto
,26,19.991,221.7,22.2,,,,,10,40.443,1,-0.01,4.0628,Dy_auto
,27,21.143,222.9,22.2,,,,,10,40.326,1,-0.01,4.051,Dy_auto
,28,22.333,224.1,22.2,,,,,10,41.692,1,-0.01,4.1881,Dy_auto
,29,23.562,225.3,22.2,,,,,10,40.278,1,-0.01,4.0462,Dy_auto
,30,24.831,226.6,22.2,,,,,10,40.021,1,-0.01,4.0203,Dy_auto
,31,26.141,227.9,22.2,,,,,10,40.134,1,-0.01,4.0316,Dy_auto
,32,27.495,229.2,22.2,,,,,10,39.893,1,-0.01,4.0074,Dy_auto
,33,28.892,230.6,22.2,,,,,10,40.279,1,-0.01,4.0462,Dy_auto
,34,30.335,232.1,22.2,,,,,10,40.608,1,-0.01,4.0793,Dy_auto
,35,31.825,233.6,22.2,,,,,10,40.5,1,-0.01,4.0684,Dy_auto
,36,33.363,235.1,22.2,,,,,10,39.556,1,-0.01,3.9737,Dy_auto
,37,34.952,236.7,22.2,,,,,10,39.357,1,-0.01,3.9536,Dy_auto
,38,36.593,238.3,22.2,,,,,10,39.35,1,-0.01,3.9529,Dy_auto
,39,38.287,240,22.2,,,,,10,39.949,1,-0.01,4.0131,Dy_auto
,40,40.037,241.8,22.2,,,,,10,40.216,1,-0.01,4.04,Dy_auto
,41,41.844,243.6,22.2,,,,,10,39.107,1,-0.01,3.9285,Dy_auto
,42,43.709,245.4,22.21,,,,,10,39.187,1,-0.01,3.9365,Dy_auto
,43,45.636,247.4,22.2,,,,,10,39.097,1,-0.01,3.9275,Dy_auto
,44,47.625,249.4,22.21,,,,,10,38.817,1,-0.01,3.8994,Dy_auto
,45,49.679,251.4,22.21,,,,,10,38.306,1,-0.01,3.848,Dy_auto
,46,51.801,253.5,22.21,,,,,10,38.614,1,-0.01,3.879,Dy_auto
,47,53.991,255.7,22.2,,,,,10,39.248,1,-0.01,3.9426,Dy_auto
,48,56.254,258,22.21,,,,,10,38.391,1,-0.01,3.8566,Dy_auto
,49,58.589,260.3,22.21,,,,,10,39.341,1,-0.01,3.952,Dy_auto
,50,61.002,262.7,22.21,,,,,10,38.278,1,-0.01,3.8453,Dy_auto
,51,63.493,265.2,22.21,,,,,10,38.744,1,-0.01,3.8921,Dy_auto
,52,66.065,267.8,22.21,,,,,10,38.245,1,-0.01,3.8419,Dy_auto
,53,68.721,270.5,22.21,,,,,10,37.958,1,-0.01,3.8131,Dy_auto
,54,71.464,273.2,22.21,,,,,10,38.05,1,-0.01,3.8223,Dy_auto
,55,74.296,276,22.21,,,,,10,38.203,1,-0.01,3.8377,Dy_auto
,56,77.221,279,22.21,,,,,10,38.319,1,-0.01,3.8494,Dy_auto
,57,80.241,282,22.21,,,,,10,37.778,1,-0.01,3.795,Dy_auto
,58,83.36,285.1,22.21,,,,,10,38.566,1,-0.01,3.8741,Dy_auto
,59,86.581,288.3,22.21,,,,,10,38.014,1,-0.01,3.8187,Dy_auto
,60,89.906,291.6,22.21,,,,,10,37.813,1,-0.01,3.7986,Dy_auto
,61,93.341,295.1,22.21,,,,,10,38.036,1,-0.01,3.8209,Dy_auto
,62,96.887,298.6,22.21,,,,,10,37.615,1,-0.01,3.7786,Dy_auto
,63,100.549,302.3,22.21,,,,,10,38.093,1,-0.01,3.8267,Dy_auto
,64,104.331,306.1,22.21,,,,,10,37.891,1,-0.01,3.8064,Dy_auto
,65,108.236,310,22.21,,,,,10,37.679,1,-0.01,3.7851,Dy_auto
,66,112.268,314,22.21,,,,,10,37.466,1,-0.01,3.7636,Dy_auto
,67,116.432,318.2,22.21,,,,,10,37.656,1,-0.01,3.7828,Dy_auto
,68,120.732,322.5,22.21,,,,,10,37.496,1,-0.01,3.7667,Dy_auto
,,,,,,,,,,,,,,
Test:,0wt%_NorHA_1.8wt%_AdHA_Xwt%CDHA_1to1_cdtoad_r1,,,,,,,,,,,,,
,,,,,,,,,,,,,,
Result:,GH time,,,,,,,,,,,,,
,,,,,,,,,,,,,,
Interval and data points:,1,60,,,,,,,,,,,,
Interval data:,Point No.,Time,Test Time,Temperature,Storage Modulus,Loss Modulus,Loss Factor,Complex Viscosity,Shear Strain,Shear Stress,Gap,Normal Force,Torque,Status
,,,,,,,,,,,,,,
,,[s],[s],[°C],[Pa],[Pa],[1],[mPa·s],[%],[Pa],[mm],[N],[µN·m],
,1,1,11.22,22.33,0.72496,14499,2E+04,2.3076E+06,0.789,114.42,1,-0.01,11.495,"ME-,WMa,taD,TruStrain™"
,2,2,12.22,22.33,187.47,957.39,5.11,1.5527E+05,1,9.7566,1,-0.01,0.9801,"ME-,WMa,TruStrain™"
,3,3,13.22,22.33,1288.7,490.03,0.38,2.1944E+05,1,13.788,1,0,1.3851,"WMa,TruStrain™"
,4,4,14.22,22.33,839.05,698.15,0.832,1.7372E+05,1,10.932,1,0,1.0981,"WMa,TruStrain™"
,5,5,15.22,22.33,849.6,686.01,0.807,1.7379E+05,1,10.958,1,0,1.1008,"WMa,TruStrain™"
,6,6,16.22,22.33,817.05,698.25,0.855,1.7105E+05,1,10.794,1,0,1.0843,"WMa,TruStrain™"
,7,7,17.22,22.33,852.46,682.18,0.8,1.7377E+05,1,10.97,1,0,1.102,"WMa,TruStrain™"
,8,8,18.22,22.33,834.35,684.34,0.82,1.7174E+05,1,10.845,1,0,1.0894,"WMa,TruStrain™"
,9,9,19.22,22.33,839.2,680.08,0.81,1.7191E+05,1.01,10.856,1,0,1.0905,"WMa,TruStrain™"
,10,10,20.22,22.33,834.49,686.9,0.823,1.7202E+05,1.01,10.863,1,0,1.0912,"WMa,TruStrain™"
,11,11,21.22,22.33,837.11,683.71,0.817,1.7202E+05,1.01,10.863,1,0,1.0912,"WMa,TruStrain™"
,12,12,22.22,22.33,833.59,686.6,0.824,1.7188E+05,1.01,10.854,1,0,1.0903,"WMa,TruStrain™"
,13,13,23.22,22.33,842.84,687.44,0.816,1.731E+05,1.01,10.931,1,0,1.0981,"WMa,TruStrain™"
,14,14,24.22,22.33,829.28,684.33,0.825,1.7112E+05,1.01,10.806,1,0,1.0855,"WMa,TruStrain™"
,15,15,25.22,22.33,814.22,691.26,0.849,1.6999E+05,1.01,10.735,1,0,1.0784,"WMa,TruStrain™"
,16,16,26.22,22.33,843.24,676.06,0.802,1.7201E+05,1.01,10.862,1,0,1.0912,"WMa,TruStrain™"
,17,17,27.22,22.33,820.8,698.75,0.851,1.7156E+05,1.01,10.834,1,0,1.0883,"WMa,TruStrain™"
,18,18,28.22,22.33,832.1,690.41,0.83,1.7208E+05,1.01,10.866,1,0,1.0916,"WMa,TruStrain™"
,19,19,29.22,22.33,839.96,678.91,0.808,1.7189E+05,1.01,10.855,1,0,1.0904,"WMa,TruStrain™"
,20,20,30.22,22.33,832.32,700.47,0.842,1.7314E+05,1.01,10.933,1,0,1.0983,"WMa,TruStrain™"
,21,21,31.22,22.33,830.41,688.23,0.829,1.7165E+05,1.01,10.839,1,0,1.0889,"WMa,TruStrain™"
,22,22,32.22,22.33,838.57,694.75,0.829,1.7332E+05,1.01,10.945,1,0,1.0995,"WMa,TruStrain™"
,23,23,33.22,22.33,848.43,681.99,0.804,1.7325E+05,1,10.94,1,0,1.099,"WMa,TruStrain™"
,24,24,34.22,22.33,821.72,692.96,0.843,1.7108E+05,1.01,10.804,1,0,1.0853,"WMa,TruStrain™"
,25,25,35.22,22.33,837.74,689.44,0.823,1.7268E+05,1.01,10.904,1,0,1.0954,"WMa,TruStrain™"
,26,26,36.22,22.33,845.37,686.85,0.812,1.7336E+05,1.01,10.947,1,0,1.0997,"WMa,TruStrain™"
,27,27,37.22,22.33,834.46,692.99,0.83,1.7263E+05,1.01,10.901,1,0,1.0951,"WMa,TruStrain™"
,28,28,38.22,22.33,834.6,688.24,0.825,1.7217E+05,1.01,10.872,1,0,1.0922,"WMa,TruStrain™"
,29,29,39.22,22.33,837.48,696.23,0.831,1.7333E+05,1.01,10.946,1,0,1.0996,"WMa,TruStrain™"
,30,30,40.22,22.33,851.9,683.66,0.803,1.7385E+05,1.01,10.978,1,0,1.1028,"WMa,TruStrain™"
,31,31,41.22,22.33,817.33,702.68,0.86,1.7155E+05,1.01,10.833,1,0,1.0883,"WMa,TruStrain™"
,32,32,42.22,22.33,847.13,686.93,0.811,1.7358E+05,1,10.961,1,0,1.1011,"WMa,TruStrain™"
,33,33,43.22,22.33,832.34,696.13,0.836,1.727E+05,1.01,10.906,1,0,1.0955,"WMa,TruStrain™"
,34,34,44.22,22.33,842.67,690.01,0.819,1.7334E+05,1.01,10.946,1,0,1.0996,"WMa,TruStrain™"
,35,35,45.22,22.33,834.95,698.19,0.836,1.7322E+05,1.01,10.939,1,0,1.0989,"WMa,TruStrain™"
,36,36,46.22,22.33,843.03,690.8,0.819,1.7347E+05,1.01,10.954,1,0,1.1004,"WMa,TruStrain™"
,37,37,47.22,22.33,846.37,697.13,0.824,1.7452E+05,1.01,11.02,1,0,1.1071,"WMa,TruStrain™"
,38,38,48.22,22.33,837.49,704.13,0.841,1.7414E+05,1.01,10.997,1,0,1.1047,"WMa,TruStrain™"
,39,39,49.22,22.33,858.11,690.33,0.804,1.7528E+05,1,11.068,1,0,1.1119,"WMa,TruStrain™"
,40,40,50.22,22.33,823.85,697.79,0.847,1.7183E+05,1.01,10.851,1,0,1.0901,"WMa,TruStrain™"
,41,41,51.22,22.33,833.87,699.35,0.839,1.7321E+05,1.01,10.938,1,0,1.0988,"WMa,TruStrain™"
,42,42,52.22,22.33,845.37,695.88,0.823,1.7427E+05,1,11.004,1,0,1.1054,"WMa,TruStrain™"
,43,43,53.22,22.33,843.95,695.52,0.824,1.7405E+05,1.01,10.991,1,0,1.1041,"WMa,TruStrain™"
,44,44,54.22,22.33,847.39,692.46,0.817,1.7417E+05,1.01,10.998,1,0,1.1048,"WMa,TruStrain™"
,45,45,55.22,22.33,825,706.33,0.856,1.7285E+05,1.01,10.916,1,0,1.0966,"WMa,TruStrain™"
,46,46,56.22,22.33,856.87,688.16,0.803,1.7491E+05,1.01,11.045,1,0,1.1095,"WMa,TruStrain™"
,47,47,57.22,22.33,834.67,703.61,0.843,1.7374E+05,1.01,10.972,1,0,1.1022,"WMa,TruStrain™"
,48,48,58.22,22.33,847.12,696.43,0.822,1.7454E+05,1.01,11.021,1,0,1.1072,"WMa,TruStrain™"
,49,49,59.22,22.33,850.41,693.91,0.816,1.7469E+05,1.01,11.031,1,0,1.1081,"WMa,TruStrain™"
,50,50,60.22,22.33,831.78,705.37,0.848,1.7357E+05,1.01,10.961,1,0,1.1011,"WMa,TruStrain™"
,51,51,61.22,22.33,859.7,689.88,0.802,1.7543E+05,1.01,11.078,1,0,1.1129,"WMa,TruStrain™"
,52,52,62.22,22.33,846.28,700.94,0.828,1.7489E+05,1.01,11.044,1,0,1.1095,"WMa,TruStrain™"
,53,53,63.22,22.33,828.52,706.83,0.853,1.7333E+05,1.01,10.946,1,0,1.0995,"WMa,TruStrain™"
,54,54,64.22,22.33,847.94,696.67,0.822,1.7466E+05,1.01,11.029,1,0,1.108,"WMa,TruStrain™"
,55,55,65.22,22.33,855.1,700.64,0.819,1.7594E+05,1.01,11.11,1,0,1.1161,"WMa,TruStrain™"
,56,56,66.22,22.33,845.35,700.41,0.829,1.7472E+05,1.01,11.033,1,0,1.1084,"WMa,TruStrain™"
,57,57,67.22,22.33,837.04,704.54,0.842,1.7413E+05,1.01,10.996,1,0,1.1046,"WMa,TruStrain™"
,58,58,68.22,22.33,836.88,706.85,0.845,1.7435E+05,1.01,11.01,1,0,1.106,"WMa,TruStrain™"
,59,59,69.22,22.33,870.38,691.67,0.795,1.7694E+05,1,11.173,1,0,1.1224,"WMa,TruStrain™"
,60,60,70.22,22.33,848.04,701.15,0.827,1.7513E+05,1.01,11.059,1,0,1.111,"WMa,TruStrain™"
,,,,,,,,,,,,,,
Result:,Stress Relaxation,,,,,,,,,,,,,
,,,,,,,,,,,,,,
Interval and data points:,1,68,,,,,,,,,,,,
Interval data:,Point No.,Time,Test Time,Temperature,Storage Modulus,Loss Modulus,Loss Factor,Complex Viscosity,Shear Strain,Shear Stress,Gap,Normal Force,Torque,Status
,,,,,,,,,,,,,,
,,[s],[s],[°C],[Pa],[Pa],[1],[mPa·s],[%],[Pa],[mm],[N],[µN·m],
,1,0.5,222.6,22.35,,,,,10,53.671,1,-0.01,5.3915,Dy_auto
,2,1.017,223.1,22.34,,,,,10,33.318,1,-0.01,3.347,Dy_auto
,3,1.55,223.7,22.35,,,,,10,27.495,1,-0.01,2.762,Dy_auto
,4,2.101,224.2,22.35,,,,,10,20.97,1,-0.01,2.1066,Dy_auto
,5,2.669,224.8,22.35,,,,,10,17.771,1,0,1.7852,Dy_auto
,6,3.256,225.4,22.35,,,,,10,14.335,1,0,1.44,Dy_auto
,7,3.862,226,22.35,,,,,10,13.586,1,0,1.3648,Dy_auto
,8,4.488,226.6,22.35,,,,,10,13.991,1,0,1.4055,Dy_auto
,9,5.135,227.2,22.35,,,,,10,10.339,1,0,1.0386,Dy_auto
,10,5.803,227.9,22.35,,,,,10,10.245,1,0,1.0291,Dy_auto
,11,6.492,228.6,22.35,,,,,10,9.4841,1,0,0.95273,Dy_auto
,12,7.204,229.3,22.35,,,,,10,8.1156,1,0,0.81526,Dy_auto
,13,7.939,230,22.35,,,,,10,7.6668,1,0,0.77017,Dy_auto
,14,8.698,230.8,22.35,,,,,10,6.7441,1,0,0.67749,Dy_auto
,15,9.482,231.6,22.34,,,,,10,6.4833,1,0,0.65129,Dy_auto
,16,10.291,232.4,22.35,,,,,10,5.6162,1,0,0.56418,Dy_auto
,17,11.127,233.2,22.35,,,,,10,5.3349,1,0,0.53592,Dy_auto
,18,11.99,234.1,22.35,,,,,10,5.3882,1,0,0.54127,Dy_auto
,19,12.882,235,22.35,,,,,10,5.3921,1,0,0.54167,Dy_auto
,20,13.802,235.9,22.35,,,,,10,4.6905,1,0,0.47118,Dy_auto
,21,14.752,236.9,22.35,,,,,10,4.3761,1,0,0.4396,Dy_auto
,22,15.734,237.8,22.35,,,,,10,4.2289,1,0,0.42481,Dy_auto
,23,16.747,238.9,22.35,,,,,10,4.086,1,0,0.41046,Dy_auto
,24,17.794,239.9,22.35,,,,,10,3.853,1,0,0.38706,Dy_auto
,25,18.875,241,22.35,,,,,10,3.7324,1,0,0.37494,Dy_auto
,26,19.991,242.1,22.35,,,,,10,3.5649,1,0,0.35811,Dy_auto
,27,21.143,243.2,22.35,,,,,10,3.2104,1,0,0.3225,Dy_auto
,28,22.333,244.4,22.35,,,,,10,2.9841,1,0,0.29977,Dy_auto
,29,23.562,245.7,22.35,,,,,10,3.0776,1,0,0.30916,Dy_auto
,30,24.831,246.9,22.35,,,,,10,2.9139,1,0,0.29272,Dy_auto
,31,26.141,248.2,22.35,,,,,10,2.6115,1,0,0.26234,Dy_auto
,32,27.495,249.6,22.35,,,,,10,2.5541,1,0,0.25658,Dy_auto
,33,28.892,251,22.35,,,,,10,2.6074,1,0,0.26193,Dy_auto
,34,30.335,252.4,22.35,,,,,10,2.4463,1,0,0.24574,Dy_auto
,35,31.825,253.9,22.35,,,,,10,2.4991,1,0,0.25105,Dy_auto
,36,33.363,255.5,22.35,,,,,10,2.2747,1,0,0.2285,Dy_auto
,37,34.952,257.1,22.35,,,,,10,2.2338,1,0,0.2244,Dy_auto
,38,36.593,258.7,22.35,,,,,10,1.9734,1,0,0.19824,Dy_auto
,39,38.287,260.4,22.35,,,,,10,1.9121,1,0,0.19208,Dy_auto
,40,40.037,262.1,22.35,,,,,10,1.9759,1,0,0.19849,Dy_auto
,41,41.844,264,22.35,,,,,10,1.8922,1,0,0.19009,Dy_auto
,42,43.709,265.8,22.35,,,,,10,1.7085,1,0,0.17163,Dy_auto
,43,45.636,267.7,22.35,,,,,10,1.7493,1,0,0.17573,Dy_auto
,44,47.625,269.7,22.35,,,,,10,1.6502,1,0,0.16577,Dy_auto
,45,49.679,271.8,22.35,,,,,10,1.5728,1,0,0.158,Dy_auto
,46,51.801,273.9,22.35,,,,,10,1.6001,1,0,0.16074,Dy_auto
,47,53.991,276.1,22.35,,,,,10,1.5379,1,0,0.15449,Dy_auto
,48,56.254,278.4,22.35,,,,,10,1.3882,1,0,0.13945,Dy_auto
,49,58.589,280.7,22.35,,,,,10,1.4512,1,0,0.14578,Dy_auto
,50,61.002,283.1,22.35,,,,,10,1.2952,1,0,0.13011,Dy_auto
,51,63.493,285.6,22.35,,,,,10,1.3497,1,0,0.13558,Dy_auto
,52,66.065,288.2,22.35,,,,,10,1.3456,1,0,0.13517,Dy_auto
,53,68.721,290.8,22.35,,,,,10,1.2307,1,0,0.12363,Dy_auto
,54,71.464,293.6,22.35,,,,,10,1.2004,1,0,0.12058,Dy_auto
,55,74.296,296.4,22.35,,,,,10,1.1733,1,0,0.11787,Dy_auto
,56,77.221,299.3,22.35,,,,,10,1.1997,1,0,0.12051,Dy_auto
,57,80.241,302.3,22.35,,,,,10,1.043,1,0,0.10478,Dy_auto
,58,83.36,305.5,22.35,,,,,10,1.0625,1,0,0.10674,Dy_auto
,59,86.581,308.7,22.35,,,,,10,1.0188,1,0,0.10234,Dy_auto
,60,89.906,312,22.36,,,,,10,0.97576,1,0,0.098021,Dy_auto
,61,93.341,315.4,22.35,,,,,10,0.94208,1,0,0.094638,Dy_auto
,62,96.887,319,22.35,,,,,10,0.92583,1,0,0.093004,Dy_auto
,63,100.549,322.7,22.35,,,,,10,0.88259,1,0,0.088661,Dy_auto
,64,104.331,326.4,22.36,,,,,10,0.85468,1,0,0.085857,Dy_auto
,65,108.236,330.3,22.36,,,,,10,0.82644,1,0,0.08302,Dy_auto
,66,112.268,334.4,22.36,,,,,10,0.82506,1,0,0.082882,Dy_auto
,67,116.432,338.5,22.36,,,,,10,0.77969,1,0,0.078324,Dy_auto
,68,120.732,342.8,22.36,,,,,10,0.75537,1,0,0.075881,Dy_auto
,,,,,,,,,,,,,,
Test:,0wt%_NorHA_1.8wt%_AdHA_Xwt%CDHA_1to1_cdtoad_r2,,,,,,,,,,,,,
,,,,,,,,,,,,,,
Result:,GH time,,,,,,,,,,,,,
,,,,,,,,,,,,,,
Interval and data points:,1,60,,,,,,,,,,,,
Interval data:,Point No.,Time,Test Time,Temperature,Storage Modulus,Loss Modulus,Loss Factor,Complex Viscosity,Shear Strain,Shear Stress,Gap,Normal Force,Torque,Status
,,,,,,,,,,,,,,
,,[s],[s],[°C],[Pa],[Pa],[1],[mPa·s],[%],[Pa],[mm],[N],[µN·m],
,1,1,10.76,22.41,0.78581,15716,2E+04,2.5013E+06,0.789,124.04,1,-0.01,12.46,"ME-,WMa,taD,TruStrain™"
,2,2,11.76,22.41,0.064391,1287.8,2E+04,2.0496E+05,1,12.879,1,0,1.2938,"ME-,WMa,taD,TruStrain™"
,3,3,12.76,22.41,1379.7,451.06,0.327,2.3103E+05,1,14.517,1,0,1.4583,"WMa,TruStrain™"
,4,4,13.76,22.41,862.65,666.28,0.772,1.7348E+05,1,10.916,1,0,1.0966,"WMa,TruStrain™"
,5,5,14.76,22.41,831.75,724.79,0.871,1.7558E+05,1,11.071,1,0,1.1121,"WMa,TruStrain™"
,6,6,15.76,22.41,823.42,728.39,0.885,1.7497E+05,1,11.041,1,0,1.1091,"WMa,TruStrain™"
,7,7,16.76,22.41,826.51,721.49,0.873,1.7461E+05,1,11.024,1,0,1.1074,"WMa,TruStrain™"
,8,8,17.76,22.41,817.17,726.73,0.889,1.7405E+05,1,10.99,1,0,1.104,"WMa,TruStrain™"
,9,9,18.76,22.41,814.64,733.08,0.9,1.7442E+05,1.01,11.014,1,0,1.1065,"WMa,TruStrain™"
,10,10,19.76,22.41,825.66,730.06,0.884,1.7541E+05,1.01,11.077,1,0,1.1127,"WMa,TruStrain™"
,11,11,20.76,22.41,811.4,735.8,0.907,1.7433E+05,1.01,11.009,1,0,1.1059,"WMa,TruStrain™"
,12,12,21.76,22.41,824.49,728.08,0.883,1.7506E+05,1.01,11.055,1,0,1.1105,"WMa,TruStrain™"
,13,13,22.76,22.41,818.15,737.16,0.901,1.7527E+05,1.01,11.068,1,0,1.1119,"WMa,TruStrain™"
,14,14,23.76,22.41,822.53,736.55,0.895,1.7572E+05,1.01,11.097,1,0,1.1147,"WMa,TruStrain™"
,15,15,24.76,22.41,820.52,735.65,0.897,1.7539E+05,1.01,11.076,1,0,1.1126,"WMa,TruStrain™"
,16,16,25.76,22.41,821.63,736.66,0.897,1.7563E+05,1.01,11.091,1,0,1.1141,"WMa,TruStrain™"
,17,17,26.76,22.41,819.78,741.7,0.905,1.7595E+05,1.01,11.111,1,0,1.1161,"WMa,TruStrain™"
,18,18,27.76,22.41,822.97,738.96,0.898,1.7603E+05,1.01,11.116,1,0,1.1167,"WMa,TruStrain™"
,19,19,28.76,22.41,824.77,737.08,0.894,1.7605E+05,1.01,11.117,1,0,1.1168,"WMa,TruStrain™"
,20,20,29.76,22.41,823.14,741.43,0.901,1.7632E+05,1.01,11.134,1,0,1.1185,"WMa,TruStrain™"
,21,21,30.76,22.41,823.08,741.9,0.901,1.7636E+05,1.01,11.137,1,0,1.1188,"WMa,TruStrain™"
,22,22,31.76,22.41,824.49,741.15,0.899,1.7645E+05,1.01,11.142,1,0,1.1193,"WMa,TruStrain™"
,23,23,32.76,22.41,824.36,744.38,0.903,1.7677E+05,1.01,11.163,1,0,1.1214,"WMa,TruStrain™"
,24,24,33.76,22.41,827.42,742.86,0.898,1.7697E+05,1.01,11.176,1,0,1.1227,"WMa,TruStrain™"
,25,25,34.76,22.41,824.16,747.01,0.906,1.7703E+05,1.01,11.179,1,0,1.123,"WMa,TruStrain™"
,26,26,35.76,22.41,826.8,745.46,0.902,1.7718E+05,1.01,11.188,1,0,1.1239,"WMa,TruStrain™"
,27,27,36.76,22.41,826.15,744.42,0.901,1.7699E+05,1.01,11.177,1,0,1.1228,"WMa,TruStrain™"
,28,28,37.76,22.41,830.43,742.7,0.894,1.7731E+05,1.01,11.197,1,0,1.1248,"WMa,TruStrain™"
,29,29,38.76,22.41,830.34,745.08,0.897,1.7756E+05,1.01,11.212,1,0,1.1264,"WMa,TruStrain™"
,30,30,39.76,22.42,831.81,745.82,0.897,1.7781E+05,1.01,11.228,1,0,1.128,"WMa,TruStrain™"
,31,31,40.76,22.41,829.73,745.64,0.899,1.7754E+05,1.01,11.212,1,0,1.1263,"WMa,TruStrain™"
,32,32,41.76,22.41,830.41,746.61,0.899,1.7773E+05,1.01,11.223,1,0,1.1274,"WMa,TruStrain™"
,33,33,42.76,22.42,834.68,746.76,0.895,1.7825E+05,1.01,11.256,1,0,1.1307,"WMa,TruStrain™"
,34,34,43.76,22.41,830.35,745.59,0.898,1.7761E+05,1.01,11.216,1,0,1.1267,"WMa,TruStrain™"
,35,35,44.76,22.41,832.2,750.1,0.901,1.7831E+05,1.01,11.26,1,0,1.1311,"WMa,TruStrain™"
,36,36,45.76,22.42,833.08,750.07,0.9,1.7841E+05,1.01,11.266,1,0,1.1318,"WMa,TruStrain™"
,37,37,46.76,22.42,835.25,751.09,0.899,1.7878E+05,1.01,11.29,1,0,1.1341,"WMa,TruStrain™"
,38,38,47.76,22.41,833.22,748.65,0.898,1.7828E+05,1.01,11.258,1,0,1.1309,"WMa,TruStrain™"
,39,39,48.76,22.41,834.64,750.37,0.899,1.7863E+05,1.01,11.28,1,0,1.1332,"WMa,TruStrain™"
,40,40,49.76,22.41,836.64,751.38,0.898,1.7897E+05,1.01,11.302,1,0,1.1353,"WMa,TruStrain™"
,41,41,50.76,22.42,836.07,751.65,0.899,1.7893E+05,1.01,11.299,1,0,1.1351,"WMa,TruStrain™"
,42,42,51.76,22.42,836.17,748.89,0.896,1.7865E+05,1.01,11.282,1,0,1.1333,"WMa,TruStrain™"
,43,43,52.76,22.42,838.56,748.25,0.892,1.7887E+05,1.01,11.295,1,0,1.1347,"WMa,TruStrain™"
,44,44,53.76,22.41,835.29,752.97,0.901,1.7898E+05,1.01,11.303,1,0,1.1354,"WMa,TruStrain™"
,45,45,54.76,22.41,841.41,751.68,0.893,1.7957E+05,1.01,11.34,1,0,1.1391,"WMa,TruStrain™"
,46,46,55.76,22.41,836.69,751.26,0.898,1.7897E+05,1.01,11.301,1,0,1.1353,"WMa,TruStrain™"
,47,47,56.76,22.42,838.76,749.14,0.893,1.7899E+05,1.01,11.303,1,0,1.1354,"WMa,TruStrain™"
,48,48,57.76,22.41,837.14,754.72,0.902,1.7939E+05,1.01,11.328,1,0,1.138,"WMa,TruStrain™"
,49,49,58.76,22.41,844.61,751.85,0.89,1.7997E+05,1.01,11.365,1,0,1.1416,"WMa,TruStrain™"
,50,50,59.76,22.42,838.71,749.53,0.894,1.7902E+05,1.01,11.305,1,0,1.1356,"WMa,TruStrain™"
,51,51,60.76,22.42,837.54,751.21,0.897,1.7906E+05,1.01,11.307,1,0,1.1359,"WMa,TruStrain™"
,52,52,61.76,22.41,838.82,749.04,0.893,1.7898E+05,1.01,11.302,1,0,1.1354,"WMa,TruStrain™"
,53,53,62.76,22.42,841.4,750.14,0.892,1.7941E+05,1.01,11.329,1,0,1.1381,"WMa,TruStrain™"
,54,54,63.76,22.42,843.6,748.87,0.888,1.7953E+05,1.01,11.337,1,0,1.1389,"WMa,TruStrain™"
,55,55,64.76,22.41,838.6,750.57,0.895,1.7912E+05,1.01,11.311,1,0,1.1363,"WMa,TruStrain™"
,56,56,65.76,22.41,845.31,754.49,0.893,1.8033E+05,1.01,11.388,1,0,1.1439,"WMa,TruStrain™"
,57,57,66.76,22.42,839.11,747.38,0.891,1.7884E+05,1.01,11.293,1,0,1.1345,"WMa,TruStrain™"
,58,58,67.76,22.42,839.17,746.09,0.889,1.7871E+05,1.01,11.285,1,0,1.1337,"WMa,TruStrain™"
,59,59,68.76,22.41,838.95,747.8,0.891,1.7887E+05,1.01,11.295,1,0,1.1347,"WMa,TruStrain™"
,60,60,69.76,22.42,829.34,759.04,0.915,1.7893E+05,1.01,11.299,1,0,1.1351,"WMa,TruStrain™"
,,,,,,,,,,,,,,
Result:,Stress Relaxation,,,,,,,,,,,,,
,,,,,,,,,,,,,,
Interval and data points:,1,68,,,,,,,,,,,,
Interval data:,Point No.,Time,Test Time,Temperature,Storage Modulus,Loss Modulus,Loss Factor,Complex Viscosity,Shear Strain,Shear Stress,Gap,Normal Force,Torque,Status
,,,,,,,,,,,,,,
,,[s],[s],[°C],[Pa],[Pa],[1],[mPa·s],[%],[Pa],[mm],[N],[µN·m],
,1,0.5,82.75,22.42,,,,,10,41.148,1,-0.01,4.1336,Dy_auto
,2,1.017,83.27,22.42,,,,,10,24.747,1,-0.01,2.486,Dy_auto
,3,1.55,83.8,22.42,,,,,10,18.861,1,-0.01,1.8947,Dy_auto
,4,2.101,84.36,22.42,,,,,10,15.704,1,-0.01,1.5775,Dy_auto
,5,2.669,84.92,22.42,,,,,10,12.723,1,0,1.2781,Dy_auto
,6,3.256,85.51,22.42,,,,,10,11.98,1,0,1.2035,Dy_auto
,7,3.862,86.12,22.42,,,,,10,11.081,1,0,1.1131,Dy_auto
,8,4.488,86.74,22.42,,,,,10,8.9916,1,0,0.90326,Dy_auto
,9,5.135,87.39,22.42,,,,,10,8.5098,1,0,0.85486,Dy_auto
,10,5.803,88.06,22.42,,,,,10,7.5761,1,0,0.76106,Dy_auto
,11,6.492,88.75,22.42,,,,,10,7.5785,1,0,0.7613,Dy_auto
,12,7.204,89.46,22.42,,,,,10,7.3324,1,0,0.73658,Dy_auto
,13,7.939,90.19,22.42,,,,,10,6.4847,1,0,0.65142,Dy_auto
,14,8.698,90.95,22.42,,,,,10,5.9732,1,0,0.60004,Dy_auto
,15,9.482,91.74,22.42,,,,,10,5.3663,1,0,0.53908,Dy_auto
,16,10.291,92.55,22.42,,,,,10,4.6327,1,0,0.46539,Dy_auto
,17,11.127,93.38,22.42,,,,,10,5.5304,1,0,0.55556,Dy_auto
,18,11.99,94.24,22.42,,,,,10,5.1126,1,0,0.51359,Dy_auto
,19,12.882,95.14,22.42,,,,,10,4.7861,1,0,0.48079,Dy_auto
,20,13.802,96.06,22.42,,,,,10,4.6466,1,0,0.46678,Dy_auto
,21,14.752,97.01,22.42,,,,,10,4.3592,1,0,0.43791,Dy_auto
,22,15.734,97.99,22.42,,,,,10,4.414,1,0,0.44341,Dy_auto
,23,16.747,99,22.42,,,,,10,3.9872,1,0,0.40054,Dy_auto
,24,17.794,100,22.42,,,,,10,3.9429,1,0,0.39609,Dy_auto
,25,18.875,101.1,22.42,,,,,10,3.6777,1,0,0.36945,Dy_auto
,26,19.991,102.2,22.42,,,,,10,3.7295,1,0,0.37465,Dy_auto
,27,21.143,103.4,22.42,,,,,10,3.6874,1,0,0.37042,Dy_auto
,28,22.333,104.6,22.42,,,,,10,3.4176,1,0,0.34332,Dy_auto
,29,23.562,105.8,22.42,,,,,10,3.4394,1,0,0.34551,Dy_auto
,30,24.831,107.1,22.42,,,,,10,3.4054,1,0,0.34209,Dy_auto
,31,26.141,108.4,22.42,,,,,10,2.8891,1,0,0.29022,Dy_auto
,32,27.495,109.7,22.42,,,,,10,3.1799,1,0,0.31944,Dy_auto
,33,28.892,111.1,22.42,,,,,10,2.8453,1,0,0.28583,Dy_auto
,34,30.335,112.6,22.42,,,,,10,2.9176,1,0,0.29309,Dy_auto
,35,31.825,114.1,22.42,,,,,10,2.7601,1,0,0.27727,Dy_auto
,36,33.363,115.6,22.42,,,,,10,2.736,1,0,0.27485,Dy_auto
,37,34.952,117.2,22.42,,,,,10,2.6183,1,0,0.26303,Dy_auto
,38,36.593,118.8,22.42,,,,,10,2.588,1,0,0.25998,Dy_auto
,39,38.287,120.5,22.42,,,,,10,2.5656,1,0,0.25773,Dy_auto
,40,40.037,122.3,22.42,,,,,10,2.4906,1,0,0.25019,Dy_auto
,41,41.844,124.1,22.42,,,,,10,2.4056,1,0,0.24165,Dy_auto
,42,43.709,126,22.42,,,,,10,2.273,1,0,0.22833,Dy_auto
,43,45.636,127.9,22.42,,,,,10,2.2767,1,0,0.2287,Dy_auto
,44,47.625,129.9,22.42,,,,,10,2.3194,1,0,0.233,Dy_auto
,45,49.679,131.9,22.42,,,,,10,2.2282,1,0,0.22383,Dy_auto
,46,51.801,134.1,22.42,,,,,10,2.1409,1,0,0.21507,Dy_auto
,47,53.991,136.2,22.42,,,,,10,2.1803,1,0,0.21903,Dy_auto
,48,56.254,138.5,22.42,,,,,10,2.0139,1,0,0.2023,Dy_auto
,49,58.589,140.8,22.42,,,,,10,1.9428,1,0,0.19517,Dy_auto
,50,61.002,143.3,22.42,,,,,10,1.8982,1,0,0.19069,Dy_auto
,51,63.493,145.7,22.42,,,,,10,1.8707,1,0,0.18792,Dy_auto
,52,66.065,148.3,22.42,,,,,10,1.8732,1,0,0.18817,Dy_auto
,53,68.721,151,22.42,,,,,10,1.7756,1,0,0.17836,Dy_auto
,54,71.464,153.7,22.42,,,,,10,1.7297,1,0,0.17376,Dy_auto
,55,74.296,156.6,22.42,,,,,10,1.7267,1,0,0.17346,Dy_auto
,56,77.221,159.5,22.42,,,,,10,1.6579,1,0,0.16655,Dy_auto
,57,80.241,162.5,22.42,,,,,10,1.6897,1,0,0.16974,Dy_auto
,58,83.36,165.6,22.42,,,,,10,1.6346,1,0,0.1642,Dy_auto
,59,86.581,168.8,22.43,,,,,10,1.5702,1,0,0.15774,Dy_auto
,60,89.906,172.2,22.43,,,,,10,1.5478,1,0,0.15549,Dy_auto
,61,93.341,175.6,22.43,,,,,10,1.5152,1,0,0.15221,Dy_auto
,62,96.887,179.1,22.43,,,,,10,1.4851,1,0,0.14918,Dy_auto
,63,100.549,182.8,22.43,,,,,10,1.4551,1,0,0.14617,Dy_auto
,64,104.331,186.6,22.43,,,,,10,1.4311,1,0,0.14377,Dy_auto
,65,108.236,190.5,22.43,,,,,10,1.4839,1,0,0.14907,Dy_auto
,66,112.268,194.5,22.43,,,,,10,1.3542,1,0,0.13603,Dy_auto
,67,116.432,198.7,22.43,,,,,10,1.3231,1,0,0.13291,Dy_auto
,68,120.732,203,22.43,,,,,10,1.2723,1,0,0.12781,Dy_auto
,,,,,,,,,,,,,,
Test:,0wt%_NorHA_1.8wt%_AdHA_Xwt%CDHA_1to1_cdtoad_r3,,,,,,,,,,,,,
,,,,,,,,,,,,,,
Result:,GH time,,,,,,,,,,,,,
,,,,,,,,,,,,,,
Interval and data points:,1,60,,,,,,,,,,,,
Interval data:,Point No.,Time,Test Time,Temperature,Storage Modulus,Loss Modulus,Loss Factor,Complex Viscosity,Shear Strain,Shear Stress,Gap,Normal Force,Torque,Status
,,,,,,,,,,,,,,
,,[s],[s],[°C],[Pa],[Pa],[1],[mPa·s],[%],[Pa],[mm],[N],[µN·m],
,1,1,11.18,22.62,15686,0.7843,5E-05,2.4965E+06,0.789,123.79,1,0,12.436,"ME-,WMa,taD,TruStrain™"
,2,2,12.18,22.62,0.038394,767.89,2E+04,1.2221E+05,1,7.6796,1,0,0.77145,"ME-,WMa,TruStrain™"
,3,3,13.18,22.62,1048.1,338.64,0.323,1.753E+05,1,11.015,1,0,1.1065,"WMa,TruStrain™"
,4,4,14.18,22.62,534.43,608.71,1.14,1.2892E+05,1,8.1125,1,0,0.81494,"WMa,TruStrain™"
,5,5,15.18,22.62,564.79,586.39,1.04,1.2958E+05,1,8.1698,1,0,0.8207,"WMa,TruStrain™"
,6,6,16.18,22.62,576.45,585.55,1.02,1.3077E+05,1,8.2523,1,0,0.82899,"WMa,TruStrain™"
,7,7,17.18,22.62,545.57,594.72,1.09,1.2845E+05,1,8.1093,1,0,0.81462,"WMa,TruStrain™"
,8,8,18.18,22.62,547.95,589.8,1.08,1.2813E+05,1,8.0906,1,0,0.81275,"WMa,TruStrain™"
,9,9,19.18,22.62,551.25,586.6,1.06,1.2811E+05,1.01,8.0902,1,0,0.81271,"WMa,TruStrain™"
,10,10,20.18,22.62,550.06,581.94,1.06,1.2745E+05,1.01,8.0481,1,0,0.80847,"WMa,TruStrain™"
,11,11,21.18,22.62,545.81,591.4,1.08,1.2808E+05,1.01,8.0884,1,0,0.81253,"WMa,TruStrain™"
,12,12,22.18,22.62,562.09,588.67,1.05,1.2954E+05,1.01,8.1803,1,0,0.82176,"WMa,TruStrain™"
,13,13,23.18,22.62,544.29,607.52,1.12,1.2982E+05,1.01,8.1979,1,0,0.82353,"WMa,TruStrain™"
,14,14,24.18,22.62,575.81,590.95,1.03,1.3132E+05,1.01,8.2925,1,0,0.83302,"WMa,TruStrain™"
,15,15,25.18,22.62,560.55,586.41,1.05,1.2911E+05,1.01,8.1531,1,0,0.81902,"WMa,TruStrain™"
,16,16,26.18,22.62,571.82,593.59,1.04,1.3118E+05,1.01,8.2837,1,0,0.83214,"WMa,TruStrain™"
,17,17,27.18,22.62,586.23,588.75,1,1.3223E+05,1.01,8.3501,1,0,0.83881,"WMa,TruStrain™"
,18,18,28.18,22.62,557.72,594.86,1.07,1.2978E+05,1.01,8.1954,1,0,0.82327,"WMa,TruStrain™"
,19,19,29.18,22.62,567.23,594.19,1.05,1.3074E+05,1.01,8.2561,1,0,0.82937,"WMa,TruStrain™"
,20,20,30.18,22.62,581.62,598.71,1.03,1.3285E+05,1.01,8.3891,1,0,0.84273,"WMa,TruStrain™"
,21,21,31.18,22.62,568.76,602.43,1.06,1.3186E+05,1.01,8.3267,1,0,0.83646,"WMa,TruStrain™"
,22,22,32.18,22.62,568.84,592.28,1.04,1.307E+05,1.01,8.2534,1,0,0.8291,"WMa,TruStrain™"
,23,23,33.18,22.62,591.89,588.39,0.994,1.3283E+05,1.01,8.3877,1,0,0.84259,"WMa,TruStrain™"
,24,24,34.18,22.62,573.42,594.89,1.04,1.315E+05,1.01,8.3044,1,0,0.83422,"WMa,TruStrain™"
,25,25,35.18,22.62,576.36,597.61,1.04,1.3214E+05,1.01,8.3445,1,0,0.83825,"WMa,TruStrain™"
,26,26,36.18,22.62,607.35,586.7,0.966,1.344E+05,1.01,8.4867,1,0,0.85254,"WMa,TruStrain™"
,27,27,37.18,22.62,586.91,595.41,1.01,1.3306E+05,1.01,8.4027,1,0,0.84409,"WMa,TruStrain™"
,28,28,38.18,22.62,601.02,598.53,0.996,1.35E+05,1.01,8.5249,1,0,0.85637,"WMa,TruStrain™"
,29,29,39.18,22.62,598.33,593.43,0.992,1.3412E+05,1.01,8.4695,1,0,0.85081,"WMa,TruStrain™"
,30,30,40.18,22.62,585.31,605.97,1.04,1.3409E+05,1.01,8.4677,1,0,0.85062,"WMa,TruStrain™"
,31,31,41.18,22.62,610.66,595.97,0.976,1.358E+05,1,8.5754,1,0,0.86145,"WMa,TruStrain™"
,32,32,42.18,22.62,604.91,598.15,0.989,1.3539E+05,1.01,8.5501,1,0,0.8589,"WMa,TruStrain™"
,33,33,43.18,22.62,599.93,600.39,1,1.3508E+05,1.01,8.5304,1,0,0.85693,"WMa,TruStrain™"
,34,34,44.18,22.62,606.6,603.38,0.995,1.3617E+05,1.01,8.599,1,0,0.86382,"WMa,TruStrain™"
,35,35,45.18,22.62,611.06,600.67,0.983,1.3637E+05,1.01,8.6115,1,0,0.86508,"WMa,TruStrain™"
,36,36,46.18,22.62,608.61,601.63,0.989,1.362E+05,1.01,8.601,1,0,0.86402,"WMa,TruStrain™"
,37,37,47.18,22.62,618.19,603.79,0.977,1.3753E+05,1.01,8.6848,1,0,0.87243,"WMa,TruStrain™"
,38,38,48.18,22.62,613.41,602.46,0.982,1.3684E+05,1.01,8.6412,1,0,0.86806,"WMa,TruStrain™"
,39,39,49.18,22.62,625.61,594.67,0.951,1.3737E+05,1.01,8.6748,1,0,0.87143,"WMa,TruStrain™"
,40,40,50.18,22.62,614.68,603.18,0.981,1.3706E+05,1.01,8.6555,1,0,0.8695,"WMa,TruStrain™"
,41,41,51.18,22.62,634.37,599.29,0.945,1.3889E+05,1.01,8.7708,1,0,0.88107,"WMa,TruStrain™"
,42,42,52.18,22.62,623.17,610.12,0.979,1.388E+05,1.01,8.7652,1,0,0.88051,"WMa,TruStrain™"
,43,43,53.18,22.62,650.73,590.64,0.908,1.3987E+05,1.01,8.832,1,0,0.88723,"WMa,TruStrain™"
,44,44,54.18,22.62,614.88,611.48,0.994,1.3801E+05,1.01,8.7159,1,0,0.87556,"WMa,TruStrain™"
,45,45,55.18,22.62,630.61,606.07,0.961,1.392E+05,1.01,8.7901,1,0,0.88301,"WMa,TruStrain™"
,46,46,56.18,22.62,650.1,603.03,0.928,1.4113E+05,1.01,8.9118,1,0,0.89524,"WMa,TruStrain™"
,47,47,57.18,22.62,633.77,611.05,0.964,1.4011E+05,1.01,8.8481,1,0,0.88884,"WMa,TruStrain™"
,48,48,58.18,22.62,642.49,609.59,0.949,1.4096E+05,1.01,8.9013,1,0,0.89419,"WMa,TruStrain™"
,49,49,59.18,22.62,650.7,605.74,0.931,1.4149E+05,1.01,8.9345,1,0,0.89752,"WMa,TruStrain™"
,50,50,60.18,22.62,633.3,614.3,0.97,1.4042E+05,1.01,8.8675,1,0,0.89079,"WMa,TruStrain™"
,51,51,61.18,22.62,658.91,596.65,0.906,1.4147E+05,1.01,8.9338,1,0,0.89745,"WMa,TruStrain™"
,52,52,62.18,22.62,640.76,612.35,0.956,1.4106E+05,1.01,8.908,1,0,0.89486,"WMa,TruStrain™"
,53,53,63.18,22.62,634.9,592.13,0.933,1.3817E+05,1.01,8.7252,1,0,0.87649,"WMa,TruStrain™"
,54,54,64.18,22.62,659.94,592.13,0.897,1.4111E+05,1.01,8.9112,1,0,0.89518,"WMa,TruStrain™"
,55,55,65.18,22.62,625.67,630.11,1.01,1.4133E+05,1.01,8.9246,1,0,0.89653,"WMa,TruStrain™"
,56,56,66.18,22.62,671.4,591.89,0.882,1.4245E+05,1,8.9951,1,0,0.90361,"WMa,TruStrain™"
,57,57,67.18,22.62,654.47,611.05,0.934,1.4251E+05,1.01,8.9995,1,0,0.90405,"WMa,TruStrain™"
,58,58,68.18,22.62,665.72,603.93,0.907,1.4306E+05,1.01,9.0334,1,0,0.90746,"WMa,TruStrain™"
,59,59,69.18,22.62,664.55,608.41,0.916,1.434E+05,1.01,9.0555,1,0,0.90968,"WMa,TruStrain™"
,60,60,70.18,22.62,654.93,616.22,0.941,1.4312E+05,1.01,9.0379,1,0,0.90791,"WMa,TruStrain™"
,,,,,,,,,,,,,,
Result:,Stress Relaxation,,,,,,,,,,,,,
,,,,,,,,,,,,,,
Interval and data points:,1,68,,,,,,,,,,,,
Interval data:,Point No.,Time,Test Time,Temperature,Storage Modulus,Loss Modulus,Loss Factor,Complex Viscosity,Shear Strain,Shear Stress,Gap,Normal Force,Torque,Status
,,,,,,,,,,,,,,
,,[s],[s],[°C],[Pa],[Pa],[1],[mPa·s],[%],[Pa],[mm],[N],[µN·m],
,1,0.5,87.53,22.62,,,,,10,25.101,1,0,2.5215,Dy_auto
,2,1.017,88.05,22.62,,,,,10,17.258,1,0,1.7337,Dy_auto
,3,1.55,88.58,22.62,,,,,10,12.167,1,0,1.2222,Dy_auto
,4,2.101,89.13,22.62,,,,,10,10.532,1,0,1.058,Dy_auto
,5,2.669,89.7,22.62,,,,,10,9.3668,1,0,0.94094,Dy_auto
,6,3.256,90.29,22.62,,,,,10,8.1549,1,0,0.81921,Dy_auto
,7,3.862,90.89,22.62,,,,,10,6.42,1,0,0.64492,Dy_auto
,8,4.488,91.52,22.62,,,,,10,6.0791,1,0,0.61068,Dy_auto
,9,5.135,92.16,22.62,,,,,10,5.6037,1,0,0.56292,Dy_auto
,10,5.803,92.83,22.62,,,,,10,5.0326,1,0,0.50555,Dy_auto
,11,6.492,93.52,22.62,,,,,10,4.948,1,0,0.49706,Dy_auto
,12,7.204,94.23,22.62,,,,,10,4.5647,1,0,0.45855,Dy_auto
,13,7.939,94.97,22.62,,,,,10,3.7056,1,0,0.37225,Dy_auto
,14,8.698,95.73,22.62,,,,,10,3.914,1,0,0.39318,Dy_auto
,15,9.482,96.51,22.62,,,,,10,3.5921,1,0,0.36085,Dy_auto
,16,10.291,97.32,22.62,,,,,10,3.2727,1,0,0.32876,Dy_auto
,17,11.127,98.16,22.62,,,,,10,3.3713,1,0,0.33866,Dy_auto
,18,11.99,99.02,22.62,,,,,10,2.9826,1,0,0.29962,Dy_auto
,19,12.882,99.91,22.62,,,,,10,2.6373,1,0,0.26494,Dy_auto
,20,13.802,100.8,22.62,,,,,10,2.704,1,0,0.27163,Dy_auto
,21,14.752,101.8,22.62,,,,,10,2.7233,1,0,0.27357,Dy_auto
,22,15.734,102.8,22.62,,,,,10,2.2962,1,0,0.23067,Dy_auto
,23,16.747,103.8,22.62,,,,,10,1.9161,1,0,0.19248,Dy_auto
,24,17.794,104.8,22.62,,,,,10,1.9824,1,0,0.19914,Dy_auto
,25,18.875,105.9,22.62,,,,,10,1.6552,1,0,0.16627,Dy_auto
,26,19.991,107,22.62,,,,,10,1.9413,1,0,0.19502,Dy_auto
,27,21.143,108.2,22.62,,,,,10,1.9261,1,0,0.19349,Dy_auto
,28,22.333,109.4,22.62,,,,,10,1.4826,1,0,0.14894,Dy_auto
,29,23.562,110.6,22.62,,,,,10,1.8529,1,0,0.18614,Dy_auto
,30,24.831,111.9,22.62,,,,,10,1.7744,1,0,0.17825,Dy_auto
,31,26.141,113.2,22.62,,,,,10,1.423,1,0,0.14295,Dy_auto
,32,27.495,114.5,22.62,,,,,10,1.3457,1,0,0.13519,Dy_auto
,33,28.892,115.9,22.62,,,,,10,1.6783,1,0,0.16859,Dy_auto
,34,30.335,117.4,22.62,,,,,10,1.2169,1,0,0.12224,Dy_auto
,35,31.825,118.9,22.62,,,,,10,0.82449,1,0,0.082825,Dy_auto
,36,33.363,120.4,22.62,,,,,10,1.0006,1,0,0.10052,Dy_auto
,37,34.952,122,22.62,,,,,10,1.2788,1,0,0.12846,Dy_auto
,38,36.593,123.6,22.62,,,,,10,1.0548,1,0,0.10596,Dy_auto
,39,38.287,125.3,22.62,,,,,10,1.0543,1,0,0.10591,Dy_auto
,40,40.037,127.1,22.62,,,,,10,0.92092,1,0,0.092511,Dy_auto
,41,41.844,128.9,22.62,,,,,10,1.0303,1,0,0.1035,Dy_auto
,42,43.709,130.7,22.62,,,,,10,0.8351,1,0,0.08389,Dy_auto
,43,45.636,132.7,22.62,,,,,10,0.6806,1,0,0.068371,Dy_auto
,44,47.625,134.7,22.62,,,,,10,0.97184,1,0,0.097626,Dy_auto
,45,49.679,136.7,22.62,,,,,10,0.94206,1,0,0.094635,Dy_auto
,46,51.801,138.8,22.62,,,,,10,0.78858,1,0,0.079217,Dy_auto
,47,53.991,141,22.62,,,,,10,0.78845,1,0,0.079204,Dy_auto
,48,56.254,143.3,22.62,,,,,10,0.89769,1,0,0.090178,Dy_auto
,49,58.589,145.6,22.62,,,,,10,1.1355,1,0,0.11407,Dy_auto
,50,61.002,148,22.62,,,,,10,0.50171,1,0,0.0504,Dy_auto
,51,63.493,150.5,22.62,,,,,10,0.40422,1,0,0.040606,Dy_auto
,52,66.065,153.1,22.62,,,,,10,0.73241,1,0,0.073575,Dy_auto
,53,68.721,155.8,22.62,,,,,10,1.1892,1,0,0.11946,Dy_auto
,54,71.464,158.5,22.62,,,,,10,0.83304,1,0,0.083684,Dy_auto
,55,74.296,161.3,22.62,,,,,10,0.62641,1,0,0.062927,Dy_auto
,56,77.221,164.3,22.62,,,,,10,0.58444,1,0,0.05871,Dy_auto
,57,80.241,167.3,22.62,,,,,10,0.57775,1,0,0.058038,Dy_auto
,58,83.36,170.4,22.62,,,,,10,0.58148,1,0,0.058413,Dy_auto
,59,86.581,173.6,22.62,,,,,10,0.48822,1,0,0.049044,Dy_auto
,60,89.906,176.9,22.62,,,,,10,0.50186,1,0,0.050415,Dy_auto
,61,93.341,180.4,22.62,,,,,10,0.59341,1,0,0.059611,Dy_auto
,62,96.887,183.9,22.61,,,,,10,0.47178,1,0,0.047393,Dy_auto
,63,100.549,187.6,22.61,,,,,10,0.48839,1,0,0.049061,Dy_auto
,64,104.331,191.4,22.62,,,,,10,0.46143,1,0,0.046353,Dy_auto
,65,108.236,195.3,22.61,,,,,10,0.32184,1,0,0.032331,Dy_auto
,66,112.268,199.3,22.62,,,,,10,0.38021,1,0,0.038194,Dy_auto
,67,116.432,203.5,22.62,,,,,10,0.51088,1,0,0.051321,Dy_auto
,68,120.732,207.8,22.62,,,,,10,0.68126,1,0,0.068436,Dy_auto
